id,community,treatment_emotion,treatment_reason
0,29,False,True
1,29,False,True
2,10,False,True
3,10,False,True
4,9,False,True
5,47,True,False
6,5,True,False
7,10,False,True
8,19,False,True
9,3,True,False
10,2,False,True
11,15,True,False
12,53,True,False
13,3,True,False
14,13,False,True
15,48,False,True
16,83,False,True
17,28,False,True
18,36,False,False
19,6,False,False
20,63,True,False
21,3,True,False
22,29,False,True
23,45,False,False
24,2,False,True
25,89,True,False
26,84,False,False
27,6,False,False
28,9,False,True
29,0,True,False
30,64,False,False
31,0,True,False
32,29,False,True
33,95,True,False
34,25,True,False
35,5,True,False
36,19,False,True
37,94,False,False
38,54,False,True
39,37,True,False
40,83,False,True
41,27,False,True
42,19,False,True
43,2,False,True
44,9,False,True
45,87,False,False
46,56,False,True
47,88,False,False
48,32,False,False
49,75,False,False
50,45,False,False
51,81,False,True
52,50,False,False
53,99,False,False
54,44,True,False
55,83,False,True
56,11,False,False
57,15,True,False
58,5,True,False
59,97,False,False
60,9,False,True
61,27,False,True
62,57,False,True
63,24,True,False
64,41,False,True
65,42,False,False
66,23,True,False
67,57,False,True
68,23,True,False
69,69,True,False
70,38,False,False
71,31,True,False
72,50,False,False
73,45,False,False
74,21,True,False
75,2,False,True
76,99,False,False
77,47,True,False
78,45,False,False
79,47,True,False
80,89,True,False
81,31,True,False
82,32,False,False
83,50,False,False
84,9,False,True
85,84,False,False
86,2,False,True
87,70,False,True
88,42,False,False
89,50,False,False
90,45,False,False
91,83,False,True
92,92,False,True
93,85,True,False
94,71,False,True
95,18,False,False
96,15,True,False
97,95,True,False
98,80,False,False
99,45,False,False
100,84,False,False
101,44,True,False
102,99,False,False
103,7,True,False
104,43,False,False
105,3,True,False
106,42,False,False
107,0,True,False
108,42,False,False
109,96,True,False
110,63,True,False
111,7,True,False
112,4,False,True
113,2,False,True
114,1,True,False
115,18,False,False
116,11,False,False
117,76,True,False
118,12,False,False
119,44,True,False
120,43,False,False
121,37,True,False
122,29,False,True
123,17,True,False
124,1,True,False
125,36,False,False
126,8,False,False
127,6,False,False
128,93,True,False
129,45,False,False
130,87,False,False
131,43,False,False
132,3,True,False
133,94,False,False
134,90,False,True
135,64,False,False
136,5,True,False
137,56,False,True
138,30,True,False
139,78,True,False
140,2,False,True
141,4,False,True
142,21,True,False
143,13,False,True
144,62,True,False
145,28,False,True
146,0,True,False
147,64,False,False
148,62,True,False
149,89,True,False
150,12,False,False
151,82,False,True
152,32,False,False
153,11,False,False
154,39,True,False
155,54,False,True
156,26,False,True
157,6,False,False
158,81,False,True
159,22,True,False
160,44,True,False
161,48,False,True
162,11,False,False
163,88,False,False
164,13,False,True
165,79,True,False
166,96,True,False
167,40,True,False
168,61,False,True
169,82,False,True
170,76,True,False
171,34,True,False
172,62,True,False
173,36,False,False
174,59,False,False
175,99,False,False
176,18,False,False
177,84,False,False
178,73,False,True
179,50,False,False
180,0,True,False
181,14,True,False
182,12,False,False
183,61,False,True
184,1,True,False
185,66,False,False
186,38,False,False
187,93,True,False
188,39,True,False
189,72,False,False
190,73,False,True
191,36,False,False
192,98,True,False
193,81,False,True
194,45,False,False
195,43,False,False
196,84,False,False
197,82,False,True
198,75,False,False
199,23,True,False
200,26,False,True
201,18,False,False
202,50,False,False
203,5,True,False
204,95,True,False
205,45,False,False
206,93,True,False
207,53,True,False
208,26,False,True
209,99,False,False
210,80,False,False
211,36,False,False
212,99,False,False
213,31,True,False
214,19,False,True
215,17,True,False
216,81,False,True
217,66,False,False
218,32,False,False
219,50,False,False
220,2,False,True
221,6,False,False
222,6,False,False
223,32,False,False
224,3,True,False
225,83,False,True
226,18,False,False
227,64,False,False
228,22,True,False
229,32,False,False
230,66,False,False
231,26,False,True
232,10,False,True
233,39,True,False
234,1,True,False
235,58,False,False
236,48,False,True
237,43,False,False
238,25,True,False
239,47,True,False
240,33,False,True
241,44,True,False
242,12,False,False
243,75,False,False
244,76,True,False
245,44,True,False
246,52,True,False
247,50,False,False
248,86,False,False
249,94,False,False
250,37,True,False
251,77,True,False
252,10,False,True
253,7,True,False
254,38,False,False
255,69,True,False
256,83,False,True
257,5,True,False
258,25,True,False
259,3,True,False
260,3,True,False
261,14,True,False
262,29,False,True
263,36,False,False
264,6,False,False
265,94,False,False
266,58,False,False
267,94,False,False
268,95,True,False
269,42,False,False
270,60,True,False
271,95,True,False
272,3,True,False
273,48,False,True
274,85,True,False
275,63,True,False
276,1,True,False
277,96,True,False
278,50,False,False
279,24,True,False
280,26,False,True
281,51,False,True
282,10,False,True
283,43,False,False
284,19,False,True
285,85,True,False
286,58,False,False
287,79,True,False
288,11,False,False
289,12,False,False
290,15,True,False
291,58,False,False
292,38,False,False
293,8,False,False
294,69,True,False
295,46,False,True
296,32,False,False
297,22,True,False
298,62,True,False
299,84,False,False
300,92,False,True
301,67,True,False
302,7,True,False
303,3,True,False
304,84,False,False
305,60,True,False
306,63,True,False
307,27,False,True
308,44,True,False
309,51,False,True
310,81,False,True
311,76,True,False
312,56,False,True
313,68,False,True
314,42,False,False
315,37,True,False
316,11,False,False
317,97,False,False
318,99,False,False
319,76,True,False
320,9,False,True
321,83,False,True
322,11,False,False
323,11,False,False
324,2,False,True
325,76,True,False
326,19,False,True
327,99,False,False
328,72,False,False
329,56,False,True
330,57,False,True
331,38,False,False
332,51,False,True
333,74,True,False
334,5,True,False
335,73,False,True
336,5,True,False
337,81,False,True
338,51,False,True
339,32,False,False
340,68,False,True
341,91,False,False
342,22,True,False
343,7,True,False
344,97,False,False
345,62,True,False
346,16,True,False
347,81,False,True
348,80,False,False
349,71,False,True
350,40,True,False
351,21,True,False
352,58,False,False
353,63,True,False
354,27,False,True
355,53,True,False
356,28,False,True
357,65,False,False
358,33,False,True
359,69,True,False
360,96,True,False
361,67,True,False
362,42,False,False
363,1,True,False
364,48,False,True
365,24,True,False
366,50,False,False
367,29,False,True
368,37,True,False
369,69,True,False
370,78,True,False
371,40,True,False
372,97,False,False
373,22,True,False
374,70,False,True
375,2,False,True
376,31,True,False
377,74,True,False
378,30,True,False
379,71,False,True
380,77,True,False
381,8,False,False
382,69,True,False
383,37,True,False
384,41,False,True
385,87,False,False
386,78,True,False
387,17,True,False
388,39,True,False
389,2,False,True
390,3,True,False
391,47,True,False
392,28,False,True
393,31,True,False
394,10,False,True
395,64,False,False
396,80,False,False
397,29,False,True
398,14,True,False
399,79,True,False
400,92,False,True
401,28,False,True
402,99,False,False
403,31,True,False
404,7,True,False
405,43,False,False
406,1,True,False
407,88,False,False
408,61,False,True
409,33,False,True
410,3,True,False
411,51,False,True
412,39,True,False
413,83,False,True
414,91,False,False
415,57,False,True
416,25,True,False
417,57,False,True
418,18,False,False
419,94,False,False
420,14,True,False
421,65,False,False
422,63,True,False
423,0,True,False
424,11,False,False
425,6,False,False
426,0,True,False
427,75,False,False
428,39,True,False
429,40,True,False
430,79,True,False
431,44,True,False
432,13,False,True
433,97,False,False
434,44,True,False
435,68,False,True
436,2,False,True
437,49,False,True
438,15,True,False
439,94,False,False
440,31,True,False
441,13,False,True
442,4,False,True
443,56,False,True
444,83,False,True
445,26,False,True
446,13,False,True
447,67,True,False
448,4,False,True
449,82,False,True
450,57,False,True
451,3,True,False
452,93,True,False
453,46,False,True
454,62,True,False
455,24,True,False
456,56,False,True
457,39,True,False
458,78,True,False
459,5,True,False
460,11,False,False
461,54,False,True
462,2,False,True
463,67,True,False
464,65,False,False
465,17,True,False
466,6,False,False
467,95,True,False
468,41,False,True
469,6,False,False
470,12,False,False
471,28,False,True
472,56,False,True
473,7,True,False
474,91,False,False
475,94,False,False
476,65,False,False
477,1,True,False
478,89,True,False
479,94,False,False
480,4,False,True
481,40,True,False
482,34,True,False
483,79,True,False
484,34,True,False
485,71,False,True
486,23,True,False
487,42,False,False
488,24,True,False
489,70,False,True
490,56,False,True
491,57,False,True
492,25,True,False
493,40,True,False
494,74,True,False
495,10,False,True
496,4,False,True
497,79,True,False
498,88,False,False
499,65,False,False
500,32,False,False
501,39,True,False
502,99,False,False
503,53,True,False
504,6,False,False
505,87,False,False
506,82,False,True
507,3,True,False
508,72,False,False
509,5,True,False
510,38,False,False
511,59,False,False
512,99,False,False
513,43,False,False
514,54,False,True
515,61,False,True
516,84,False,False
517,82,False,True
518,84,False,False
519,7,True,False
520,42,False,False
521,9,False,True
522,85,True,False
523,40,True,False
524,69,True,False
525,64,False,False
526,80,False,False
527,3,True,False
528,50,False,False
529,0,True,False
530,16,True,False
531,47,True,False
532,74,True,False
533,65,False,False
534,30,True,False
535,22,True,False
536,13,False,True
537,45,False,False
538,10,False,True
539,56,False,True
540,62,True,False
541,69,True,False
542,97,False,False
543,65,False,False
544,80,False,False
545,8,False,False
546,14,True,False
547,53,True,False
548,37,True,False
549,91,False,False
550,5,True,False
551,5,True,False
552,32,False,False
553,48,False,True
554,34,True,False
555,54,False,True
556,85,True,False
557,51,False,True
558,71,False,True
559,36,False,False
560,85,True,False
561,30,True,False
562,32,False,False
563,13,False,True
564,11,False,False
565,79,True,False
566,16,True,False
567,5,True,False
568,2,False,True
569,58,False,False
570,84,False,False
571,15,True,False
572,73,False,True
573,36,False,False
574,50,False,False
575,72,False,False
576,47,True,False
577,39,True,False
578,16,True,False
579,29,False,True
580,91,False,False
581,14,True,False
582,2,False,True
583,76,True,False
584,7,True,False
585,64,False,False
586,91,False,False
587,84,False,False
588,8,False,False
589,68,False,True
590,29,False,True
591,23,True,False
592,84,False,False
593,5,True,False
594,78,True,False
595,78,True,False
596,47,True,False
597,39,True,False
598,55,False,False
599,29,False,True
600,68,False,True
601,57,False,True
602,63,True,False
603,1,True,False
604,83,False,True
605,41,False,True
606,20,False,False
607,45,False,False
608,24,True,False
609,11,False,False
610,60,True,False
611,61,False,True
612,1,True,False
613,45,False,False
614,31,True,False
615,88,False,False
616,34,True,False
617,76,True,False
618,48,False,True
619,72,False,False
620,96,True,False
621,47,True,False
622,59,False,False
623,0,True,False
624,2,False,True
625,32,False,False
626,67,True,False
627,17,True,False
628,11,False,False
629,23,True,False
630,13,False,True
631,67,True,False
632,83,False,True
633,26,False,True
634,3,True,False
635,62,True,False
636,32,False,False
637,50,False,False
638,35,False,True
639,3,True,False
640,24,True,False
641,45,False,False
642,84,False,False
643,74,True,False
644,86,False,False
645,37,True,False
646,94,False,False
647,57,False,True
648,85,True,False
649,84,False,False
650,43,False,False
651,16,True,False
652,46,False,True
653,2,False,True
654,9,False,True
655,9,False,True
656,76,True,False
657,63,True,False
658,44,True,False
659,5,True,False
660,86,False,False
661,46,False,True
662,44,True,False
663,45,False,False
664,71,False,True
665,63,True,False
666,16,True,False
667,88,False,False
668,17,True,False
669,89,True,False
670,9,False,True
671,53,True,False
672,98,True,False
673,60,True,False
674,77,True,False
675,88,False,False
676,88,False,False
677,83,False,True
678,31,True,False
679,50,False,False
680,46,False,True
681,32,False,False
682,9,False,True
683,92,False,True
684,49,False,True
685,68,False,True
686,67,True,False
687,84,False,False
688,2,False,True
689,36,False,False
690,14,True,False
691,86,False,False
692,95,True,False
693,5,True,False
694,10,False,True
695,36,False,False
696,73,False,True
697,3,True,False
698,36,False,False
699,39,True,False
700,90,False,True
701,67,True,False
702,29,False,True
703,27,False,True
704,12,False,False
705,3,True,False
706,2,False,True
707,46,False,True
708,67,True,False
709,51,False,True
710,5,True,False
711,4,False,True
712,37,True,False
713,58,False,False
714,43,False,False
715,28,False,True
716,68,False,True
717,4,False,True
718,69,True,False
719,73,False,True
720,89,True,False
721,98,True,False
722,5,True,False
723,5,True,False
724,8,False,False
725,56,False,True
726,48,False,True
727,18,False,False
728,27,False,True
729,19,False,True
730,36,False,False
731,70,False,True
732,98,True,False
733,3,True,False
734,87,False,False
735,18,False,False
736,63,True,False
737,87,False,False
738,85,True,False
739,62,True,False
740,53,True,False
741,31,True,False
742,13,False,True
743,63,True,False
744,36,False,False
745,78,True,False
746,41,False,True
747,70,False,True
748,24,True,False
749,5,True,False
750,41,False,True
751,64,False,False
752,4,False,True
753,47,True,False
754,47,True,False
755,84,False,False
756,22,True,False
757,43,False,False
758,2,False,True
759,4,False,True
760,42,False,False
761,77,True,False
762,66,False,False
763,65,False,False
764,7,True,False
765,76,True,False
766,65,False,False
767,29,False,True
768,87,False,False
769,7,True,False
770,94,False,False
771,73,False,True
772,44,True,False
773,83,False,True
774,29,False,True
775,34,True,False
776,60,True,False
777,2,False,True
778,40,True,False
779,45,False,False
780,60,True,False
781,84,False,False
782,70,False,True
783,2,False,True
784,76,True,False
785,84,False,False
786,60,True,False
787,3,True,False
788,28,False,True
789,17,True,False
790,25,True,False
791,67,True,False
792,58,False,False
793,14,True,False
794,80,False,False
795,73,False,True
796,27,False,True
797,10,False,True
798,16,True,False
799,3,True,False
800,24,True,False
801,84,False,False
802,3,True,False
803,65,False,False
804,92,False,True
805,6,False,False
806,59,False,False
807,37,True,False
808,19,False,True
809,36,False,False
810,93,True,False
811,45,False,False
812,28,False,True
813,63,True,False
814,93,True,False
815,6,False,False
816,41,False,True
817,33,False,True
818,50,False,False
819,33,False,True
820,23,True,False
821,82,False,True
822,48,False,True
823,88,False,False
824,23,True,False
825,69,True,False
826,39,True,False
827,33,False,True
828,7,True,False
829,78,True,False
830,50,False,False
831,32,False,False
832,68,False,True
833,79,True,False
834,23,True,False
835,41,False,True
836,85,True,False
837,62,True,False
838,11,False,False
839,29,False,True
840,55,False,False
841,20,False,False
842,48,False,True
843,14,True,False
844,48,False,True
845,96,True,False
846,6,False,False
847,66,False,False
848,75,False,False
849,52,True,False
850,8,False,False
851,23,True,False
852,21,True,False
853,65,False,False
854,57,False,True
855,45,False,False
856,37,True,False
857,74,True,False
858,21,True,False
859,16,True,False
860,85,True,False
861,1,True,False
862,42,False,False
863,42,False,False
864,32,False,False
865,89,True,False
866,22,True,False
867,59,False,False
868,57,False,True
869,0,True,False
870,38,False,False
871,45,False,False
872,11,False,False
873,69,True,False
874,5,True,False
875,12,False,False
876,6,False,False
877,2,False,True
878,48,False,True
879,41,False,True
880,67,True,False
881,65,False,False
882,37,True,False
883,42,False,False
884,6,False,False
885,83,False,True
886,68,False,True
887,67,True,False
888,5,True,False
889,13,False,True
890,50,False,False
891,64,False,False
892,15,True,False
893,29,False,True
894,78,True,False
895,27,False,True
896,28,False,True
897,55,False,False
898,62,True,False
899,36,False,False
900,73,False,True
901,21,True,False
902,70,False,True
903,13,False,True
904,52,True,False
905,28,False,True
906,8,False,False
907,44,True,False
908,56,False,True
909,11,False,False
910,32,False,False
911,27,False,True
912,42,False,False
913,53,True,False
914,16,True,False
915,43,False,False
916,23,True,False
917,56,False,True
918,44,True,False
919,93,True,False
920,43,False,False
921,84,False,False
922,53,True,False
923,80,False,False
924,92,False,True
925,73,False,True
926,28,False,True
927,75,False,False
928,1,True,False
929,85,True,False
930,86,False,False
931,0,True,False
932,42,False,False
933,44,True,False
934,74,True,False
935,44,True,False
936,5,True,False
937,1,True,False
938,7,True,False
939,86,False,False
940,79,True,False
941,13,False,True
942,1,True,False
943,23,True,False
944,32,False,False
945,64,False,False
946,26,False,True
947,11,False,False
948,70,False,True
949,46,False,True
950,13,False,True
951,42,False,False
952,72,False,False
953,44,True,False
954,33,False,True
955,50,False,False
956,59,False,False
957,41,False,True
958,67,True,False
959,39,True,False
960,76,True,False
961,62,True,False
962,29,False,True
963,8,False,False
964,43,False,False
965,50,False,False
966,12,False,False
967,13,False,True
968,29,False,True
969,34,True,False
970,62,True,False
971,1,True,False
972,38,False,False
973,50,False,False
974,38,False,False
975,68,False,True
976,57,False,True
977,19,False,True
978,74,True,False
979,3,True,False
980,49,False,True
981,84,False,False
982,44,True,False
983,80,False,False
984,71,False,True
985,48,False,True
986,92,False,True
987,63,True,False
988,46,False,True
989,26,False,True
990,7,True,False
991,15,True,False
992,42,False,False
993,53,True,False
994,5,True,False
995,11,False,False
996,10,False,True
997,33,False,True
998,5,True,False
999,42,False,False
1000,63,True,False
1001,0,True,False
1002,12,False,False
1003,83,False,True
1004,80,False,False
1005,65,False,False
1006,51,False,True
1007,78,True,False
1008,13,False,True
1009,18,False,False
1010,64,False,False
1011,95,True,False
1012,4,False,True
1013,93,True,False
1014,92,False,True
1015,5,True,False
1016,47,True,False
1017,37,True,False
1018,1,True,False
1019,44,True,False
1020,78,True,False
1021,24,True,False
1022,25,True,False
1023,96,True,False
1024,46,False,True
1025,42,False,False
1026,14,True,False
1027,63,True,False
1028,33,False,True
1029,12,False,False
1030,42,False,False
1031,2,False,True
1032,80,False,False
1033,33,False,True
1034,27,False,True
1035,29,False,True
1036,20,False,False
1037,45,False,False
1038,48,False,True
1039,22,True,False
1040,11,False,False
1041,3,True,False
1042,99,False,False
1043,2,False,True
1044,92,False,True
1045,26,False,True
1046,3,True,False
1047,13,False,True
1048,56,False,True
1049,12,False,False
1050,63,True,False
1051,27,False,True
1052,54,False,True
1053,48,False,True
1054,67,True,False
1055,83,False,True
1056,44,True,False
1057,63,True,False
1058,12,False,False
1059,5,True,False
1060,78,True,False
1061,0,True,False
1062,72,False,False
1063,36,False,False
1064,3,True,False
1065,31,True,False
1066,40,True,False
1067,46,False,True
1068,74,True,False
1069,92,False,True
1070,36,False,False
1071,47,True,False
1072,19,False,True
1073,18,False,False
1074,58,False,False
1075,11,False,False
1076,78,True,False
1077,61,False,True
1078,52,True,False
1079,44,True,False
1080,40,True,False
1081,88,False,False
1082,42,False,False
1083,38,False,False
1084,78,True,False
1085,43,False,False
1086,21,True,False
1087,25,True,False
1088,59,False,False
1089,81,False,True
1090,13,False,True
1091,48,False,True
1092,76,True,False
1093,33,False,True
1094,30,True,False
1095,61,False,True
1096,68,False,True
1097,79,True,False
1098,32,False,False
1099,68,False,True
1100,63,True,False
1101,71,False,True
1102,77,True,False
1103,47,True,False
1104,11,False,False
1105,53,True,False
1106,12,False,False
1107,11,False,False
1108,20,False,False
1109,3,True,False
1110,58,False,False
1111,7,True,False
1112,32,False,False
1113,51,False,True
1114,83,False,True
1115,36,False,False
1116,4,False,True
1117,65,False,False
1118,5,True,False
1119,60,True,False
1120,44,True,False
1121,18,False,False
1122,51,False,True
1123,13,False,True
1124,42,False,False
1125,80,False,False
1126,50,False,False
1127,10,False,True
1128,39,True,False
1129,33,False,True
1130,78,True,False
1131,9,False,True
1132,84,False,False
1133,42,False,False
1134,24,True,False
1135,83,False,True
1136,83,False,True
1137,94,False,False
1138,11,False,False
1139,49,False,True
1140,37,True,False
1141,82,False,True
1142,45,False,False
1143,33,False,True
1144,2,False,True
1145,32,False,False
1146,66,False,False
1147,41,False,True
1148,57,False,True
1149,13,False,True
1150,49,False,True
1151,75,False,False
1152,34,True,False
1153,89,True,False
1154,84,False,False
1155,65,False,False
1156,88,False,False
1157,50,False,False
1158,9,False,True
1159,86,False,False
1160,22,True,False
1161,37,True,False
1162,66,False,False
1163,0,True,False
1164,4,False,True
1165,79,True,False
1166,70,False,True
1167,27,False,True
1168,12,False,False
1169,45,False,False
1170,25,True,False
1171,38,False,False
1172,63,True,False
1173,30,True,False
1174,5,True,False
1175,94,False,False
1176,57,False,True
1177,33,False,True
1178,64,False,False
1179,7,True,False
1180,61,False,True
1181,79,True,False
1182,81,False,True
1183,45,False,False
1184,66,False,False
1185,46,False,True
1186,25,True,False
1187,12,False,False
1188,20,False,False
1189,37,True,False
1190,14,True,False
1191,63,True,False
1192,44,True,False
1193,28,False,True
1194,12,False,False
1195,99,False,False
1196,47,True,False
1197,3,True,False
1198,37,True,False
1199,73,False,True
1200,42,False,False
1201,70,False,True
1202,65,False,False
1203,80,False,False
1204,67,True,False
1205,46,False,True
1206,44,True,False
1207,47,True,False
1208,57,False,True
1209,44,True,False
1210,11,False,False
1211,7,True,False
1212,95,True,False
1213,63,True,False
1214,20,False,False
1215,23,True,False
1216,26,False,True
1217,49,False,True
1218,46,False,True
1219,14,True,False
1220,6,False,False
1221,43,False,False
1222,79,True,False
1223,53,True,False
1224,33,False,True
1225,8,False,False
1226,70,False,True
1227,11,False,False
1228,26,False,True
1229,62,True,False
1230,46,False,True
1231,30,True,False
1232,14,True,False
1233,59,False,False
1234,90,False,True
1235,51,False,True
1236,7,True,False
1237,50,False,False
1238,30,True,False
1239,5,True,False
1240,92,False,True
1241,47,True,False
1242,45,False,False
1243,63,True,False
1244,37,True,False
1245,97,False,False
1246,14,True,False
1247,84,False,False
1248,10,False,True
1249,12,False,False
1250,50,False,False
1251,90,False,True
1252,2,False,True
1253,9,False,True
1254,22,True,False
1255,18,False,False
1256,45,False,False
1257,53,True,False
1258,12,False,False
1259,83,False,True
1260,46,False,True
1261,43,False,False
1262,46,False,True
1263,43,False,False
1264,97,False,False
1265,12,False,False
1266,68,False,True
1267,50,False,False
1268,0,True,False
1269,0,True,False
1270,63,True,False
1271,35,False,True
1272,60,True,False
1273,50,False,False
1274,47,True,False
1275,46,False,True
1276,3,True,False
1277,82,False,True
1278,30,True,False
1279,43,False,False
1280,27,False,True
1281,65,False,False
1282,47,True,False
1283,98,True,False
1284,76,True,False
1285,87,False,False
1286,68,False,True
1287,74,True,False
1288,74,True,False
1289,44,True,False
1290,99,False,False
1291,75,False,False
1292,64,False,False
1293,12,False,False
1294,11,False,False
1295,20,False,False
1296,0,True,False
1297,74,True,False
1298,42,False,False
1299,62,True,False
1300,12,False,False
1301,11,False,False
1302,1,True,False
1303,71,False,True
1304,61,False,True
1305,72,False,False
1306,32,False,False
1307,21,True,False
1308,48,False,True
1309,57,False,True
1310,44,True,False
1311,40,True,False
1312,31,True,False
1313,42,False,False
1314,73,False,True
1315,8,False,False
1316,11,False,False
1317,3,True,False
1318,46,False,True
1319,2,False,True
1320,92,False,True
1321,5,True,False
1322,39,True,False
1323,97,False,False
1324,77,True,False
1325,29,False,True
1326,93,True,False
1327,52,True,False
1328,74,True,False
1329,25,True,False
1330,18,False,False
1331,50,False,False
1332,2,False,True
1333,45,False,False
1334,99,False,False
1335,2,False,True
1336,8,False,False
1337,93,True,False
1338,55,False,False
1339,5,True,False
1340,57,False,True
1341,65,False,False
1342,25,True,False
1343,2,False,True
1344,43,False,False
1345,6,False,False
1346,97,False,False
1347,32,False,False
1348,6,False,False
1349,20,False,False
1350,38,False,False
1351,12,False,False
1352,11,False,False
1353,13,False,True
1354,48,False,True
1355,57,False,True
1356,60,True,False
1357,7,True,False
1358,34,True,False
1359,30,True,False
1360,75,False,False
1361,93,True,False
1362,53,True,False
1363,85,True,False
1364,44,True,False
1365,50,False,False
1366,11,False,False
1367,29,False,True
1368,70,False,True
1369,62,True,False
1370,31,True,False
1371,85,True,False
1372,49,False,True
1373,18,False,False
1374,44,True,False
1375,5,True,False
1376,83,False,True
1377,1,True,False
1378,11,False,False
1379,3,True,False
1380,51,False,True
1381,90,False,True
1382,31,True,False
1383,2,False,True
1384,9,False,True
1385,11,False,False
1386,49,False,True
1387,23,True,False
1388,84,False,False
1389,45,False,False
1390,7,True,False
1391,11,False,False
1392,65,False,False
1393,39,True,False
1394,40,True,False
1395,6,False,False
1396,29,False,True
1397,93,True,False
1398,94,False,False
1399,88,False,False
1400,35,False,True
1401,29,False,True
1402,5,True,False
1403,43,False,False
1404,61,False,True
1405,43,False,False
1406,17,True,False
1407,65,False,False
1408,83,False,True
1409,52,True,False
1410,61,False,True
1411,2,False,True
1412,4,False,True
1413,79,True,False
1414,11,False,False
1415,7,True,False
1416,24,True,False
1417,96,True,False
1418,26,False,True
1419,19,False,True
1420,38,False,False
1421,73,False,True
1422,65,False,False
1423,74,True,False
1424,32,False,False
1425,58,False,False
1426,98,True,False
1427,65,False,False
1428,40,True,False
1429,77,True,False
1430,87,False,False
1431,59,False,False
1432,63,True,False
1433,29,False,True
1434,24,True,False
1435,18,False,False
1436,67,True,False
1437,26,False,True
1438,24,True,False
1439,50,False,False
1440,44,True,False
1441,2,False,True
1442,58,False,False
1443,0,True,False
1444,84,False,False
1445,27,False,True
1446,51,False,True
1447,31,True,False
1448,5,True,False
1449,45,False,False
1450,19,False,True
1451,34,True,False
1452,79,True,False
1453,99,False,False
1454,27,False,True
1455,26,False,True
1456,8,False,False
1457,83,False,True
1458,39,True,False
1459,26,False,True
1460,26,False,True
1461,8,False,False
1462,68,False,True
1463,18,False,False
1464,6,False,False
1465,5,True,False
1466,16,True,False
1467,2,False,True
1468,60,True,False
1469,27,False,True
1470,1,True,False
1471,63,True,False
1472,44,True,False
1473,26,False,True
1474,27,False,True
1475,70,False,True
1476,28,False,True
1477,46,False,True
1478,58,False,False
1479,73,False,True
1480,54,False,True
1481,24,True,False
1482,24,True,False
1483,67,True,False
1484,50,False,False
1485,73,False,True
1486,6,False,False
1487,64,False,False
1488,64,False,False
1489,31,True,False
1490,4,False,True
1491,34,True,False
1492,97,False,False
1493,48,False,True
1494,37,True,False
1495,2,False,True
1496,99,False,False
1497,22,True,False
1498,94,False,False
1499,72,False,False
1500,1,True,False
1501,45,False,False
1502,15,True,False
1503,6,False,False
1504,1,True,False
1505,1,True,False
1506,63,True,False
1507,31,True,False
1508,40,True,False
1509,73,False,True
1510,76,True,False
1511,5,True,False
1512,45,False,False
1513,69,True,False
1514,57,False,True
1515,77,True,False
1516,26,False,True
1517,74,True,False
1518,10,False,True
1519,94,False,False
1520,79,True,False
1521,33,False,True
1522,7,True,False
1523,57,False,True
1524,58,False,False
1525,98,True,False
1526,6,False,False
1527,60,True,False
1528,64,False,False
1529,6,False,False
1530,32,False,False
1531,13,False,True
1532,11,False,False
1533,32,False,False
1534,78,True,False
1535,85,True,False
1536,80,False,False
1537,21,True,False
1538,82,False,True
1539,41,False,True
1540,48,False,True
1541,86,False,False
1542,28,False,True
1543,60,True,False
1544,4,False,True
1545,27,False,True
1546,54,False,True
1547,15,True,False
1548,67,True,False
1549,29,False,True
1550,44,True,False
1551,65,False,False
1552,27,False,True
1553,36,False,False
1554,15,True,False
1555,17,True,False
1556,76,True,False
1557,20,False,False
1558,92,False,True
1559,29,False,True
1560,27,False,True
1561,38,False,False
1562,80,False,False
1563,57,False,True
1564,51,False,True
1565,7,True,False
1566,27,False,True
1567,84,False,False
1568,12,False,False
1569,9,False,True
1570,96,True,False
1571,75,False,False
1572,1,True,False
1573,29,False,True
1574,66,False,False
1575,84,False,False
1576,59,False,False
1577,32,False,False
1578,90,False,True
1579,83,False,True
1580,63,True,False
1581,65,False,False
1582,27,False,True
1583,3,True,False
1584,45,False,False
1585,66,False,False
1586,32,False,False
1587,0,True,False
1588,0,True,False
1589,58,False,False
1590,1,True,False
1591,92,False,True
1592,54,False,True
1593,75,False,False
1594,35,False,True
1595,36,False,False
1596,87,False,False
1597,89,True,False
1598,9,False,True
1599,39,True,False
1600,12,False,False
1601,11,False,False
1602,95,True,False
1603,77,True,False
1604,10,False,True
1605,22,True,False
1606,28,False,True
1607,50,False,False
1608,42,False,False
1609,23,True,False
1610,84,False,False
1611,68,False,True
1612,12,False,False
1613,49,False,True
1614,3,True,False
1615,15,True,False
1616,27,False,True
1617,14,True,False
1618,35,False,True
1619,42,False,False
1620,45,False,False
1621,25,True,False
1622,66,False,False
1623,21,True,False
1624,68,False,True
1625,36,False,False
1626,69,True,False
1627,47,True,False
1628,57,False,True
1629,6,False,False
1630,15,True,False
1631,8,False,False
1632,85,True,False
1633,12,False,False
1634,68,False,True
1635,83,False,True
1636,59,False,False
1637,14,True,False
1638,44,True,False
1639,76,True,False
1640,37,True,False
1641,33,False,True
1642,91,False,False
1643,11,False,False
1644,70,False,True
1645,18,False,False
1646,21,True,False
1647,29,False,True
1648,23,True,False
1649,65,False,False
1650,27,False,True
1651,83,False,True
1652,29,False,True
1653,97,False,False
1654,28,False,True
1655,90,False,True
1656,12,False,False
1657,3,True,False
1658,65,False,False
1659,99,False,False
1660,82,False,True
1661,55,False,False
1662,38,False,False
1663,66,False,False
1664,63,True,False
1665,33,False,True
1666,87,False,False
1667,24,True,False
1668,5,True,False
1669,93,True,False
1670,19,False,True
1671,4,False,True
1672,33,False,True
1673,29,False,True
1674,91,False,False
1675,44,True,False
1676,48,False,True
1677,25,True,False
1678,91,False,False
1679,4,False,True
1680,77,True,False
1681,91,False,False
1682,25,True,False
1683,6,False,False
1684,24,True,False
1685,65,False,False
1686,24,True,False
1687,2,False,True
1688,65,False,False
1689,23,True,False
1690,89,True,False
1691,83,False,True
1692,27,False,True
1693,50,False,False
1694,50,False,False
1695,45,False,False
1696,97,False,False
1697,31,True,False
1698,76,True,False
1699,52,True,False
1700,99,False,False
1701,11,False,False
1702,60,True,False
1703,92,False,True
1704,83,False,True
1705,3,True,False
1706,13,False,True
1707,65,False,False
1708,13,False,True
1709,18,False,False
1710,3,True,False
1711,5,True,False
1712,37,True,False
1713,14,True,False
1714,46,False,True
1715,46,False,True
1716,79,True,False
1717,28,False,True
1718,50,False,False
1719,18,False,False
1720,15,True,False
1721,37,True,False
1722,1,True,False
1723,37,True,False
1724,97,False,False
1725,96,True,False
1726,1,True,False
1727,64,False,False
1728,83,False,True
1729,24,True,False
1730,5,True,False
1731,81,False,True
1732,37,True,False
1733,6,False,False
1734,85,True,False
1735,84,False,False
1736,60,True,False
1737,65,False,False
1738,42,False,False
1739,95,True,False
1740,50,False,False
1741,77,True,False
1742,7,True,False
1743,65,False,False
1744,44,True,False
1745,87,False,False
1746,88,False,False
1747,84,False,False
1748,7,True,False
1749,9,False,True
1750,96,True,False
1751,65,False,False
1752,13,False,True
1753,32,False,False
1754,9,False,True
1755,26,False,True
1756,62,True,False
1757,30,True,False
1758,2,False,True
1759,75,False,False
1760,44,True,False
1761,43,False,False
1762,10,False,True
1763,6,False,False
1764,2,False,True
1765,14,True,False
1766,32,False,False
1767,26,False,True
1768,32,False,False
1769,17,True,False
1770,39,True,False
1771,22,True,False
1772,78,True,False
1773,83,False,True
1774,11,False,False
1775,3,True,False
1776,42,False,False
1777,74,True,False
1778,91,False,False
1779,37,True,False
1780,58,False,False
1781,54,False,True
1782,67,True,False
1783,34,True,False
1784,63,True,False
1785,3,True,False
1786,97,False,False
1787,31,True,False
1788,50,False,False
1789,84,False,False
1790,60,True,False
1791,5,True,False
1792,97,False,False
1793,65,False,False
1794,93,True,False
1795,70,False,True
1796,9,False,True
1797,78,True,False
1798,81,False,True
1799,46,False,True
1800,18,False,False
1801,91,False,False
1802,87,False,False
1803,93,True,False
1804,92,False,True
1805,63,True,False
1806,21,True,False
1807,84,False,False
1808,42,False,False
1809,95,True,False
1810,1,True,False
1811,64,False,False
1812,37,True,False
1813,74,True,False
1814,27,False,True
1815,79,True,False
1816,14,True,False
1817,44,True,False
1818,56,False,True
1819,46,False,True
1820,83,False,True
1821,7,True,False
1822,26,False,True
1823,73,False,True
1824,19,False,True
1825,1,True,False
1826,13,False,True
1827,9,False,True
1828,62,True,False
1829,93,True,False
1830,22,True,False
1831,5,True,False
1832,21,True,False
1833,36,False,False
1834,37,True,False
1835,0,True,False
1836,23,True,False
1837,46,False,True
1838,22,True,False
1839,37,True,False
1840,83,False,True
1841,61,False,True
1842,82,False,True
1843,18,False,False
1844,71,False,True
1845,5,True,False
1846,2,False,True
1847,65,False,False
1848,94,False,False
1849,96,True,False
1850,58,False,False
1851,80,False,False
1852,32,False,False
1853,47,True,False
1854,65,False,False
1855,15,True,False
1856,67,True,False
1857,72,False,False
1858,88,False,False
1859,45,False,False
1860,43,False,False
1861,97,False,False
1862,28,False,True
1863,1,True,False
1864,37,True,False
1865,62,True,False
1866,57,False,True
1867,68,False,True
1868,43,False,False
1869,92,False,True
1870,92,False,True
1871,96,True,False
1872,43,False,False
1873,47,True,False
1874,8,False,False
1875,6,False,False
1876,34,True,False
1877,32,False,False
1878,92,False,True
1879,48,False,True
1880,19,False,True
1881,86,False,False
1882,24,True,False
1883,79,True,False
1884,23,True,False
1885,64,False,False
1886,13,False,True
1887,32,False,False
1888,2,False,True
1889,32,False,False
1890,31,True,False
1891,58,False,False
1892,89,True,False
1893,48,False,True
1894,11,False,False
1895,23,True,False
1896,54,False,True
1897,12,False,False
1898,61,False,True
1899,18,False,False
1900,97,False,False
1901,18,False,False
1902,68,False,True
1903,29,False,True
1904,70,False,True
1905,84,False,False
1906,45,False,False
1907,45,False,False
1908,15,True,False
1909,84,False,False
1910,43,False,False
1911,6,False,False
1912,96,True,False
1913,21,True,False
1914,70,False,True
1915,32,False,False
1916,4,False,True
1917,52,True,False
1918,71,False,True
1919,34,True,False
1920,9,False,True
1921,2,False,True
1922,29,False,True
1923,35,False,True
1924,62,True,False
1925,5,True,False
1926,70,False,True
1927,78,True,False
1928,36,False,False
1929,15,True,False
1930,84,False,False
1931,27,False,True
1932,12,False,False
1933,62,True,False
1934,69,True,False
1935,6,False,False
1936,64,False,False
1937,63,True,False
1938,3,True,False
1939,66,False,False
1940,8,False,False
1941,65,False,False
1942,56,False,True
1943,30,True,False
1944,52,True,False
1945,60,True,False
1946,81,False,True
1947,9,False,True
1948,13,False,True
1949,36,False,False
1950,56,False,True
1951,31,True,False
1952,52,True,False
1953,4,False,True
1954,87,False,False
1955,71,False,True
1956,14,True,False
1957,30,True,False
1958,54,False,True
1959,94,False,False
1960,39,True,False
1961,28,False,True
1962,66,False,False
1963,26,False,True
1964,22,True,False
1965,47,True,False
1966,35,False,True
1967,85,True,False
1968,6,False,False
1969,44,True,False
1970,23,True,False
1971,13,False,True
1972,52,True,False
1973,65,False,False
1974,26,False,True
1975,12,False,False
1976,74,True,False
1977,24,True,False
1978,63,True,False
1979,67,True,False
1980,11,False,False
1981,33,False,True
1982,17,True,False
1983,38,False,False
1984,9,False,True
1985,9,False,True
1986,1,True,False
1987,19,False,True
1988,82,False,True
1989,18,False,False
1990,65,False,False
1991,42,False,False
1992,2,False,True
1993,27,False,True
1994,8,False,False
1995,15,True,False
1996,89,True,False
1997,1,True,False
1998,42,False,False
1999,44,True,False
2000,73,False,True
2001,1,True,False
2002,46,False,True
2003,80,False,False
2004,33,False,True
2005,43,False,False
2006,65,False,False
2007,96,True,False
2008,37,True,False
2009,19,False,True
2010,9,False,True
2011,99,False,False
2012,84,False,False
2013,55,False,False
2014,34,True,False
2015,10,False,True
2016,73,False,True
2017,62,True,False
2018,70,False,True
2019,18,False,False
2020,92,False,True
2021,50,False,False
2022,2,False,True
2023,45,False,False
2024,77,True,False
2025,75,False,False
2026,36,False,False
2027,37,True,False
2028,63,True,False
2029,25,True,False
2030,47,True,False
2031,39,True,False
2032,60,True,False
2033,71,False,True
2034,89,True,False
2035,52,True,False
2036,47,True,False
2037,63,True,False
2038,49,False,True
2039,23,True,False
2040,9,False,True
2041,94,False,False
2042,79,True,False
2043,25,True,False
2044,43,False,False
2045,44,True,False
2046,7,True,False
2047,42,False,False
2048,1,True,False
2049,19,False,True
2050,90,False,True
2051,20,False,False
2052,2,False,True
2053,56,False,True
2054,71,False,True
2055,18,False,False
2056,2,False,True
2057,17,True,False
2058,64,False,False
2059,74,True,False
2060,87,False,False
2061,43,False,False
2062,61,False,True
2063,75,False,False
2064,19,False,True
2065,32,False,False
2066,7,True,False
2067,50,False,False
2068,27,False,True
2069,70,False,True
2070,78,True,False
2071,74,True,False
2072,15,True,False
2073,65,False,False
2074,0,True,False
2075,25,True,False
2076,6,False,False
2077,63,True,False
2078,34,True,False
2079,92,False,True
2080,85,True,False
2081,62,True,False
2082,21,True,False
2083,0,True,False
2084,33,False,True
2085,27,False,True
2086,34,True,False
2087,14,True,False
2088,53,True,False
2089,43,False,False
2090,88,False,False
2091,66,False,False
2092,72,False,False
2093,37,True,False
2094,92,False,True
2095,79,True,False
2096,36,False,False
2097,74,True,False
2098,78,True,False
2099,7,True,False
2100,13,False,True
2101,76,True,False
2102,37,True,False
2103,12,False,False
2104,92,False,True
2105,37,True,False
2106,84,False,False
2107,60,True,False
2108,44,True,False
2109,33,False,True
2110,65,False,False
2111,35,False,True
2112,74,True,False
2113,3,True,False
2114,21,True,False
2115,51,False,True
2116,21,True,False
2117,38,False,False
2118,22,True,False
2119,31,True,False
2120,44,True,False
2121,13,False,True
2122,39,True,False
2123,18,False,False
2124,50,False,False
2125,49,False,True
2126,34,True,False
2127,29,False,True
2128,75,False,False
2129,55,False,False
2130,96,True,False
2131,81,False,True
2132,10,False,True
2133,98,True,False
2134,3,True,False
2135,13,False,True
2136,4,False,True
2137,88,False,False
2138,92,False,True
2139,18,False,False
2140,63,True,False
2141,69,True,False
2142,3,True,False
2143,6,False,False
2144,61,False,True
2145,78,True,False
2146,73,False,True
2147,5,True,False
2148,70,False,True
2149,57,False,True
2150,66,False,False
2151,85,True,False
2152,19,False,True
2153,20,False,False
2154,95,True,False
2155,77,True,False
2156,25,True,False
2157,69,True,False
2158,53,True,False
2159,63,True,False
2160,78,True,False
2161,9,False,True
2162,6,False,False
2163,49,False,True
2164,46,False,True
2165,78,True,False
2166,79,True,False
2167,9,False,True
2168,1,True,False
2169,86,False,False
2170,60,True,False
2171,65,False,False
2172,1,True,False
2173,6,False,False
2174,82,False,True
2175,20,False,False
2176,88,False,False
2177,95,True,False
2178,13,False,True
2179,68,False,True
2180,20,False,False
2181,47,True,False
2182,44,True,False
2183,74,True,False
2184,1,True,False
2185,0,True,False
2186,74,True,False
2187,89,True,False
2188,28,False,True
2189,82,False,True
2190,44,True,False
2191,66,False,False
2192,95,True,False
2193,32,False,False
2194,21,True,False
2195,22,True,False
2196,48,False,True
2197,91,False,False
2198,76,True,False
2199,85,True,False
2200,64,False,False
2201,63,True,False
2202,78,True,False
2203,38,False,False
2204,33,False,True
2205,38,False,False
2206,28,False,True
2207,51,False,True
2208,13,False,True
2209,14,True,False
2210,79,True,False
2211,4,False,True
2212,49,False,True
2213,27,False,True
2214,74,True,False
2215,37,True,False
2216,79,True,False
2217,10,False,True
2218,22,True,False
2219,69,True,False
2220,34,True,False
2221,76,True,False
2222,15,True,False
2223,24,True,False
2224,50,False,False
2225,88,False,False
2226,12,False,False
2227,29,False,True
2228,43,False,False
2229,72,False,False
2230,11,False,False
2231,0,True,False
2232,78,True,False
2233,69,True,False
2234,21,True,False
2235,18,False,False
2236,88,False,False
2237,3,True,False
2238,87,False,False
2239,86,False,False
2240,36,False,False
2241,10,False,True
2242,30,True,False
2243,42,False,False
2244,6,False,False
2245,91,False,False
2246,10,False,True
2247,8,False,False
2248,19,False,True
2249,5,True,False
2250,2,False,True
2251,31,True,False
2252,90,False,True
2253,37,True,False
2254,59,False,False
2255,40,True,False
2256,63,True,False
2257,59,False,False
2258,64,False,False
2259,27,False,True
2260,12,False,False
2261,15,True,False
2262,29,False,True
2263,36,False,False
2264,69,True,False
2265,21,True,False
2266,12,False,False
2267,78,True,False
2268,97,False,False
2269,56,False,True
2270,9,False,True
2271,2,False,True
2272,99,False,False
2273,18,False,False
2274,7,True,False
2275,53,True,False
2276,67,True,False
2277,46,False,True
2278,36,False,False
2279,3,True,False
2280,12,False,False
2281,12,False,False
2282,57,False,True
2283,84,False,False
2284,92,False,True
2285,13,False,True
2286,60,True,False
2287,10,False,True
2288,48,False,True
2289,13,False,True
2290,91,False,False
2291,15,True,False
2292,89,True,False
2293,79,True,False
2294,11,False,False
2295,2,False,True
2296,35,False,True
2297,27,False,True
2298,22,True,False
2299,90,False,True
2300,28,False,True
2301,15,True,False
2302,29,False,True
2303,40,True,False
2304,58,False,False
2305,26,False,True
2306,35,False,True
2307,30,True,False
2308,84,False,False
2309,4,False,True
2310,44,True,False
2311,38,False,False
2312,60,True,False
2313,55,False,False
2314,20,False,False
2315,6,False,False
2316,12,False,False
2317,21,True,False
2318,11,False,False
2319,36,False,False
2320,74,True,False
2321,69,True,False
2322,78,True,False
2323,2,False,True
2324,67,True,False
2325,72,False,False
2326,7,True,False
2327,42,False,False
2328,44,True,False
2329,96,True,False
2330,90,False,True
2331,21,True,False
2332,62,True,False
2333,53,True,False
2334,33,False,True
2335,81,False,True
2336,55,False,False
2337,60,True,False
2338,37,True,False
2339,12,False,False
2340,92,False,True
2341,27,False,True
2342,15,True,False
2343,57,False,True
2344,34,True,False
2345,26,False,True
2346,63,True,False
2347,96,True,False
2348,19,False,True
2349,31,True,False
2350,32,False,False
2351,53,True,False
2352,80,False,False
2353,60,True,False
2354,53,True,False
2355,47,True,False
2356,13,False,True
2357,70,False,True
2358,8,False,False
2359,12,False,False
2360,41,False,True
2361,60,True,False
2362,74,True,False
2363,3,True,False
2364,34,True,False
2365,25,True,False
2366,6,False,False
2367,44,True,False
2368,13,False,True
2369,18,False,False
2370,45,False,False
2371,51,False,True
2372,12,False,False
2373,2,False,True
2374,33,False,True
2375,9,False,True
2376,92,False,True
2377,7,True,False
2378,48,False,True
2379,15,True,False
2380,15,True,False
2381,58,False,False
2382,38,False,False
2383,29,False,True
2384,20,False,False
2385,78,True,False
2386,50,False,False
2387,5,True,False
2388,56,False,True
2389,28,False,True
2390,91,False,False
2391,2,False,True
2392,33,False,True
2393,37,True,False
2394,81,False,True
2395,6,False,False
2396,75,False,False
2397,12,False,False
2398,75,False,False
2399,84,False,False
2400,40,True,False
2401,71,False,True
2402,91,False,False
2403,54,False,True
2404,42,False,False
2405,20,False,False
2406,18,False,False
2407,83,False,True
2408,74,True,False
2409,60,True,False
2410,63,True,False
2411,89,True,False
2412,5,True,False
2413,44,True,False
2414,84,False,False
2415,85,True,False
2416,1,True,False
2417,78,True,False
2418,4,False,True
2419,21,True,False
2420,46,False,True
2421,65,False,False
2422,9,False,True
2423,18,False,False
2424,42,False,False
2425,43,False,False
2426,63,True,False
2427,7,True,False
2428,9,False,True
2429,50,False,False
2430,2,False,True
2431,41,False,True
2432,88,False,False
2433,16,True,False
2434,79,True,False
2435,11,False,False
2436,10,False,True
2437,15,True,False
2438,0,True,False
2439,36,False,False
2440,62,True,False
2441,12,False,False
2442,96,True,False
2443,47,True,False
2444,64,False,False
2445,84,False,False
2446,60,True,False
2447,56,False,True
2448,58,False,False
2449,35,False,True
2450,93,True,False
2451,18,False,False
2452,92,False,True
2453,0,True,False
2454,0,True,False
2455,99,False,False
2456,84,False,False
2457,28,False,True
2458,44,True,False
2459,3,True,False
2460,66,False,False
2461,80,False,False
2462,62,True,False
2463,99,False,False
2464,19,False,True
2465,34,True,False
2466,84,False,False
2467,79,True,False
2468,21,True,False
2469,79,True,False
2470,41,False,True
2471,64,False,False
2472,74,True,False
2473,9,False,True
2474,91,False,False
2475,79,True,False
2476,75,False,False
2477,53,True,False
2478,92,False,True
2479,90,False,True
2480,19,False,True
2481,21,True,False
2482,27,False,True
2483,21,True,False
2484,2,False,True
2485,64,False,False
2486,36,False,False
2487,87,False,False
2488,35,False,True
2489,31,True,False
2490,12,False,False
2491,44,True,False
2492,15,True,False
2493,1,True,False
2494,37,True,False
2495,31,True,False
2496,2,False,True
2497,76,True,False
2498,37,True,False
2499,69,True,False
2500,67,True,False
2501,58,False,False
2502,2,False,True
2503,11,False,False
2504,29,False,True
2505,16,True,False
2506,22,True,False
2507,7,True,False
2508,91,False,False
2509,28,False,True
2510,55,False,False
2511,18,False,False
2512,24,True,False
2513,66,False,False
2514,6,False,False
2515,22,True,False
2516,52,True,False
2517,10,False,True
2518,42,False,False
2519,98,True,False
2520,90,False,True
2521,6,False,False
2522,62,True,False
2523,70,False,True
2524,58,False,False
2525,43,False,False
2526,86,False,False
2527,28,False,True
2528,3,True,False
2529,59,False,False
2530,48,False,True
2531,62,True,False
2532,73,False,True
2533,36,False,False
2534,50,False,False
2535,52,True,False
2536,93,True,False
2537,57,False,True
2538,14,True,False
2539,8,False,False
2540,60,True,False
2541,31,True,False
2542,26,False,True
2543,24,True,False
2544,49,False,True
2545,51,False,True
2546,38,False,False
2547,71,False,True
2548,47,True,False
2549,99,False,False
2550,39,True,False
2551,92,False,True
2552,48,False,True
2553,16,True,False
2554,59,False,False
2555,84,False,False
2556,48,False,True
2557,71,False,True
2558,31,True,False
2559,18,False,False
2560,99,False,False
2561,1,True,False
2562,11,False,False
2563,17,True,False
2564,55,False,False
2565,45,False,False
2566,14,True,False
2567,42,False,False
2568,43,False,False
2569,50,False,False
2570,62,True,False
2571,50,False,False
2572,35,False,True
2573,2,False,True
2574,67,True,False
2575,8,False,False
2576,24,True,False
2577,97,False,False
2578,82,False,True
2579,2,False,True
2580,3,True,False
2581,12,False,False
2582,5,True,False
2583,14,True,False
2584,26,False,True
2585,76,True,False
2586,50,False,False
2587,24,True,False
2588,11,False,False
2589,9,False,True
2590,18,False,False
2591,58,False,False
2592,76,True,False
2593,89,True,False
2594,95,True,False
2595,54,False,True
2596,58,False,False
2597,61,False,True
2598,27,False,True
2599,74,True,False
2600,32,False,False
2601,70,False,True
2602,25,True,False
2603,80,False,False
2604,47,True,False
2605,69,True,False
2606,68,False,True
2607,21,True,False
2608,79,True,False
2609,37,True,False
2610,91,False,False
2611,29,False,True
2612,34,True,False
2613,46,False,True
2614,40,True,False
2615,74,True,False
2616,99,False,False
2617,49,False,True
2618,17,True,False
2619,8,False,False
2620,21,True,False
2621,53,True,False
2622,33,False,True
2623,46,False,True
2624,15,True,False
2625,60,True,False
2626,89,True,False
2627,14,True,False
2628,8,False,False
2629,21,True,False
2630,66,False,False
2631,32,False,False
2632,64,False,False
2633,63,True,False
2634,65,False,False
2635,16,True,False
2636,26,False,True
2637,31,True,False
2638,29,False,True
2639,68,False,True
2640,43,False,False
2641,99,False,False
2642,64,False,False
2643,7,True,False
2644,62,True,False
2645,13,False,True
2646,47,True,False
2647,53,True,False
2648,64,False,False
2649,93,True,False
2650,65,False,False
2651,26,False,True
2652,75,False,False
2653,14,True,False
2654,32,False,False
2655,99,False,False
2656,37,True,False
2657,38,False,False
2658,70,False,True
2659,71,False,True
2660,90,False,True
2661,29,False,True
2662,93,True,False
2663,90,False,True
2664,58,False,False
2665,42,False,False
2666,53,True,False
2667,92,False,True
2668,58,False,False
2669,10,False,True
2670,92,False,True
2671,74,True,False
2672,63,True,False
2673,87,False,False
2674,14,True,False
2675,37,True,False
2676,93,True,False
2677,16,True,False
2678,32,False,False
2679,39,True,False
2680,21,True,False
2681,24,True,False
2682,40,True,False
2683,18,False,False
2684,42,False,False
2685,10,False,True
2686,88,False,False
2687,13,False,True
2688,55,False,False
2689,24,True,False
2690,16,True,False
2691,60,True,False
2692,82,False,True
2693,67,True,False
2694,67,True,False
2695,81,False,True
2696,11,False,False
2697,11,False,False
2698,14,True,False
2699,40,True,False
2700,74,True,False
2701,82,False,True
2702,58,False,False
2703,70,False,True
2704,14,True,False
2705,87,False,False
2706,57,False,True
2707,8,False,False
2708,57,False,True
2709,65,False,False
2710,84,False,False
2711,4,False,True
2712,65,False,False
2713,93,True,False
2714,34,True,False
2715,0,True,False
2716,27,False,True
2717,0,True,False
2718,73,False,True
2719,78,True,False
2720,1,True,False
2721,37,True,False
2722,89,True,False
2723,53,True,False
2724,25,True,False
2725,18,False,False
2726,12,False,False
2727,2,False,True
2728,27,False,True
2729,43,False,False
2730,45,False,False
2731,89,True,False
2732,40,True,False
2733,88,False,False
2734,99,False,False
2735,36,False,False
2736,94,False,False
2737,58,False,False
2738,35,False,True
2739,50,False,False
2740,33,False,True
2741,85,True,False
2742,65,False,False
2743,4,False,True
2744,74,True,False
2745,4,False,True
2746,2,False,True
2747,91,False,False
2748,21,True,False
2749,13,False,True
2750,11,False,False
2751,75,False,False
2752,29,False,True
2753,56,False,True
2754,44,True,False
2755,4,False,True
2756,80,False,False
2757,99,False,False
2758,13,False,True
2759,58,False,False
2760,94,False,False
2761,84,False,False
2762,99,False,False
2763,6,False,False
2764,0,True,False
2765,0,True,False
2766,64,False,False
2767,63,True,False
2768,60,True,False
2769,74,True,False
2770,3,True,False
2771,84,False,False
2772,49,False,True
2773,17,True,False
2774,6,False,False
2775,9,False,True
2776,24,True,False
2777,22,True,False
2778,63,True,False
2779,5,True,False
2780,49,False,True
2781,47,True,False
2782,37,True,False
2783,24,True,False
2784,57,False,True
2785,13,False,True
2786,63,True,False
2787,15,True,False
2788,12,False,False
2789,94,False,False
2790,41,False,True
2791,59,False,False
2792,33,False,True
2793,40,True,False
2794,91,False,False
2795,49,False,True
2796,19,False,True
2797,11,False,False
2798,33,False,True
2799,8,False,False
2800,53,True,False
2801,48,False,True
2802,15,True,False
2803,21,True,False
2804,13,False,True
2805,42,False,False
2806,94,False,False
2807,6,False,False
2808,2,False,True
2809,43,False,False
2810,50,False,False
2811,45,False,False
2812,48,False,True
2813,17,True,False
2814,64,False,False
2815,1,True,False
2816,17,True,False
2817,59,False,False
2818,66,False,False
2819,14,True,False
2820,29,False,True
2821,78,True,False
2822,11,False,False
2823,36,False,False
2824,79,True,False
2825,27,False,True
2826,51,False,True
2827,72,False,False
2828,73,False,True
2829,3,True,False
2830,58,False,False
2831,26,False,True
2832,59,False,False
2833,41,False,True
2834,66,False,False
2835,78,True,False
2836,27,False,True
2837,42,False,False
2838,90,False,True
2839,43,False,False
2840,22,True,False
2841,38,False,False
2842,44,True,False
2843,57,False,True
2844,48,False,True
2845,29,False,True
2846,44,True,False
2847,25,True,False
2848,76,True,False
2849,12,False,False
2850,81,False,True
2851,4,False,True
2852,44,True,False
2853,78,True,False
2854,21,True,False
2855,74,True,False
2856,42,False,False
2857,18,False,False
2858,42,False,False
2859,85,True,False
2860,78,True,False
2861,62,True,False
2862,38,False,False
2863,77,True,False
2864,91,False,False
2865,70,False,True
2866,86,False,False
2867,87,False,False
2868,51,False,True
2869,62,True,False
2870,18,False,False
2871,58,False,False
2872,53,True,False
2873,47,True,False
2874,37,True,False
2875,33,False,True
2876,40,True,False
2877,58,False,False
2878,29,False,True
2879,11,False,False
2880,7,True,False
2881,47,True,False
2882,81,False,True
2883,71,False,True
2884,63,True,False
2885,72,False,False
2886,16,True,False
2887,28,False,True
2888,12,False,False
2889,58,False,False
2890,47,True,False
2891,83,False,True
2892,61,False,True
2893,70,False,True
2894,30,True,False
2895,3,True,False
2896,92,False,True
2897,3,True,False
2898,34,True,False
2899,47,True,False
2900,22,True,False
2901,7,True,False
2902,91,False,False
2903,91,False,False
2904,59,False,False
2905,39,True,False
2906,61,False,True
2907,48,False,True
2908,35,False,True
2909,26,False,True
2910,45,False,False
2911,65,False,False
2912,73,False,True
2913,94,False,False
2914,96,True,False
2915,44,True,False
2916,48,False,True
2917,76,True,False
2918,59,False,False
2919,48,False,True
2920,97,False,False
2921,57,False,True
2922,84,False,False
2923,94,False,False
2924,76,True,False
2925,56,False,True
2926,91,False,False
2927,7,True,False
2928,23,True,False
2929,68,False,True
2930,57,False,True
2931,98,True,False
2932,15,True,False
2933,3,True,False
2934,99,False,False
2935,75,False,False
2936,44,True,False
2937,45,False,False
2938,47,True,False
2939,78,True,False
2940,36,False,False
2941,4,False,True
2942,86,False,False
2943,24,True,False
2944,18,False,False
2945,59,False,False
2946,86,False,False
2947,91,False,False
2948,71,False,True
2949,76,True,False
2950,9,False,True
2951,83,False,True
2952,29,False,True
2953,29,False,True
2954,29,False,True
2955,5,True,False
2956,50,False,False
2957,38,False,False
2958,23,True,False
2959,53,True,False
2960,51,False,True
2961,54,False,True
2962,74,True,False
2963,7,True,False
2964,46,False,True
2965,55,False,False
2966,57,False,True
2967,1,True,False
2968,11,False,False
2969,50,False,False
2970,6,False,False
2971,48,False,True
2972,68,False,True
2973,94,False,False
2974,51,False,True
2975,90,False,True
2976,44,True,False
2977,98,True,False
2978,22,True,False
2979,48,False,True
2980,71,False,True
2981,8,False,False
2982,82,False,True
2983,68,False,True
2984,85,True,False
2985,26,False,True
2986,33,False,True
2987,27,False,True
2988,96,True,False
2989,11,False,False
2990,72,False,False
2991,96,True,False
2992,62,True,False
2993,18,False,False
2994,27,False,True
2995,38,False,False
2996,3,True,False
2997,57,False,True
2998,85,True,False
2999,63,True,False
3000,34,True,False
3001,6,False,False
3002,75,False,False
3003,89,True,False
3004,2,False,True
3005,1,True,False
3006,27,False,True
3007,73,False,True
3008,72,False,False
3009,55,False,False
3010,0,True,False
3011,39,True,False
3012,79,True,False
3013,75,False,False
3014,28,False,True
3015,45,False,False
3016,27,False,True
3017,58,False,False
3018,65,False,False
3019,29,False,True
3020,3,True,False
3021,49,False,True
3022,46,False,True
3023,46,False,True
3024,13,False,True
3025,47,True,False
3026,51,False,True
3027,2,False,True
3028,69,True,False
3029,7,True,False
3030,78,True,False
3031,50,False,False
3032,0,True,False
3033,41,False,True
3034,3,True,False
3035,43,False,False
3036,11,False,False
3037,90,False,True
3038,36,False,False
3039,40,True,False
3040,72,False,False
3041,53,True,False
3042,52,True,False
3043,52,True,False
3044,98,True,False
3045,34,True,False
3046,28,False,True
3047,66,False,False
3048,35,False,True
3049,0,True,False
3050,31,True,False
3051,12,False,False
3052,32,False,False
3053,88,False,False
3054,14,True,False
3055,72,False,False
3056,51,False,True
3057,11,False,False
3058,79,True,False
3059,25,True,False
3060,5,True,False
3061,88,False,False
3062,80,False,False
3063,6,False,False
3064,6,False,False
3065,84,False,False
3066,94,False,False
3067,29,False,True
3068,33,False,True
3069,53,True,False
3070,27,False,True
3071,6,False,False
3072,7,True,False
3073,53,True,False
3074,74,True,False
3075,17,True,False
3076,7,True,False
3077,38,False,False
3078,30,True,False
3079,86,False,False
3080,56,False,True
3081,29,False,True
3082,55,False,False
3083,82,False,True
3084,10,False,True
3085,61,False,True
3086,55,False,False
3087,86,False,False
3088,45,False,False
3089,22,True,False
3090,11,False,False
3091,33,False,True
3092,19,False,True
3093,49,False,True
3094,87,False,False
3095,67,True,False
3096,56,False,True
3097,88,False,False
3098,27,False,True
3099,94,False,False
3100,38,False,False
3101,74,True,False
3102,42,False,False
3103,0,True,False
3104,15,True,False
3105,27,False,True
3106,8,False,False
3107,72,False,False
3108,25,True,False
3109,2,False,True
3110,11,False,False
3111,46,False,True
3112,3,True,False
3113,18,False,False
3114,40,True,False
3115,94,False,False
3116,72,False,False
3117,32,False,False
3118,43,False,False
3119,41,False,True
3120,74,True,False
3121,7,True,False
3122,32,False,False
3123,23,True,False
3124,0,True,False
3125,85,True,False
3126,32,False,False
3127,32,False,False
3128,27,False,True
3129,42,False,False
3130,19,False,True
3131,95,True,False
3132,57,False,True
3133,63,True,False
3134,2,False,True
3135,44,True,False
3136,68,False,True
3137,28,False,True
3138,97,False,False
3139,63,True,False
3140,9,False,True
3141,41,False,True
3142,23,True,False
3143,50,False,False
3144,62,True,False
3145,7,True,False
3146,91,False,False
3147,19,False,True
3148,5,True,False
3149,0,True,False
3150,76,True,False
3151,5,True,False
3152,56,False,True
3153,15,True,False
3154,24,True,False
3155,82,False,True
3156,28,False,True
3157,29,False,True
3158,1,True,False
3159,48,False,True
3160,7,True,False
3161,53,True,False
3162,18,False,False
3163,72,False,False
3164,11,False,False
3165,23,True,False
3166,45,False,False
3167,93,True,False
3168,3,True,False
3169,3,True,False
3170,12,False,False
3171,16,True,False
3172,30,True,False
3173,82,False,True
3174,3,True,False
3175,2,False,True
3176,5,True,False
3177,90,False,True
3178,70,False,True
3179,63,True,False
3180,32,False,False
3181,88,False,False
3182,89,True,False
3183,33,False,True
3184,2,False,True
3185,37,True,False
3186,19,False,True
3187,18,False,False
3188,4,False,True
3189,38,False,False
3190,21,True,False
3191,80,False,False
3192,53,True,False
3193,43,False,False
3194,30,True,False
3195,32,False,False
3196,30,True,False
3197,62,True,False
3198,74,True,False
3199,11,False,False
3200,25,True,False
3201,19,False,True
3202,59,False,False
3203,65,False,False
3204,60,True,False
3205,15,True,False
3206,44,True,False
3207,55,False,False
3208,57,False,True
3209,63,True,False
3210,5,True,False
3211,29,False,True
3212,42,False,False
3213,86,False,False
3214,62,True,False
3215,55,False,False
3216,72,False,False
3217,63,True,False
3218,32,False,False
3219,44,True,False
3220,41,False,True
3221,60,True,False
3222,11,False,False
3223,59,False,False
3224,32,False,False
3225,12,False,False
3226,31,True,False
3227,93,True,False
3228,52,True,False
3229,52,True,False
3230,44,True,False
3231,33,False,True
3232,59,False,False
3233,53,True,False
3234,19,False,True
3235,30,True,False
3236,32,False,False
3237,68,False,True
3238,19,False,True
3239,17,True,False
3240,42,False,False
3241,4,False,True
3242,1,True,False
3243,34,True,False
3244,8,False,False
3245,21,True,False
3246,96,True,False
3247,55,False,False
3248,91,False,False
3249,42,False,False
3250,4,False,True
3251,95,True,False
3252,11,False,False
3253,87,False,False
3254,12,False,False
3255,9,False,True
3256,1,True,False
3257,5,True,False
3258,30,True,False
3259,78,True,False
3260,25,True,False
3261,91,False,False
3262,44,True,False
3263,43,False,False
3264,80,False,False
3265,29,False,True
3266,94,False,False
3267,28,False,True
3268,97,False,False
3269,38,False,False
3270,58,False,False
3271,12,False,False
3272,10,False,True
3273,46,False,True
3274,52,True,False
3275,18,False,False
3276,79,True,False
3277,32,False,False
3278,99,False,False
3279,15,True,False
3280,44,True,False
3281,76,True,False
3282,48,False,True
3283,22,True,False
3284,65,False,False
3285,23,True,False
3286,27,False,True
3287,36,False,False
3288,15,True,False
3289,9,False,True
3290,44,True,False
3291,58,False,False
3292,5,True,False
3293,99,False,False
3294,10,False,True
3295,97,False,False
3296,92,False,True
3297,79,True,False
3298,84,False,False
3299,65,False,False
3300,28,False,True
3301,63,True,False
3302,28,False,True
3303,11,False,False
3304,56,False,True
3305,32,False,False
3306,24,True,False
3307,49,False,True
3308,58,False,False
3309,38,False,False
3310,0,True,False
3311,13,False,True
3312,51,False,True
3313,79,True,False
3314,7,True,False
3315,13,False,True
3316,74,True,False
3317,66,False,False
3318,61,False,True
3319,99,False,False
3320,30,True,False
3321,5,True,False
3322,93,True,False
3323,33,False,True
3324,56,False,True
3325,8,False,False
3326,74,True,False
3327,94,False,False
3328,62,True,False
3329,99,False,False
3330,78,True,False
3331,8,False,False
3332,88,False,False
3333,61,False,True
3334,28,False,True
3335,28,False,True
3336,53,True,False
3337,36,False,False
3338,1,True,False
3339,46,False,True
3340,32,False,False
3341,17,True,False
3342,28,False,True
3343,58,False,False
3344,76,True,False
3345,56,False,True
3346,11,False,False
3347,35,False,True
3348,4,False,True
3349,85,True,False
3350,34,True,False
3351,9,False,True
3352,90,False,True
3353,9,False,True
3354,2,False,True
3355,82,False,True
3356,47,True,False
3357,17,True,False
3358,41,False,True
3359,34,True,False
3360,8,False,False
3361,32,False,False
3362,6,False,False
3363,1,True,False
3364,20,False,False
3365,52,True,False
3366,17,True,False
3367,88,False,False
3368,73,False,True
3369,25,True,False
3370,18,False,False
3371,42,False,False
3372,17,True,False
3373,36,False,False
3374,75,False,False
3375,28,False,True
3376,51,False,True
3377,11,False,False
3378,69,True,False
3379,78,True,False
3380,11,False,False
3381,11,False,False
3382,33,False,True
3383,66,False,False
3384,72,False,False
3385,48,False,True
3386,75,False,False
3387,70,False,True
3388,90,False,True
3389,34,True,False
3390,35,False,True
3391,94,False,False
3392,15,True,False
3393,40,True,False
3394,30,True,False
3395,82,False,True
3396,38,False,False
3397,49,False,True
3398,18,False,False
3399,79,True,False
3400,93,True,False
3401,89,True,False
3402,79,True,False
3403,80,False,False
3404,44,True,False
3405,18,False,False
3406,99,False,False
3407,28,False,True
3408,59,False,False
3409,79,True,False
3410,82,False,True
3411,67,True,False
3412,60,True,False
3413,37,True,False
3414,93,True,False
3415,87,False,False
3416,60,True,False
3417,7,True,False
3418,29,False,True
3419,9,False,True
3420,84,False,False
3421,52,True,False
3422,66,False,False
3423,74,True,False
3424,90,False,True
3425,51,False,True
3426,94,False,False
3427,10,False,True
3428,5,True,False
3429,36,False,False
3430,5,True,False
3431,12,False,False
3432,89,True,False
3433,12,False,False
3434,65,False,False
3435,7,True,False
3436,0,True,False
3437,46,False,True
3438,86,False,False
3439,4,False,True
3440,47,True,False
3441,37,True,False
3442,24,True,False
3443,7,True,False
3444,25,True,False
3445,8,False,False
3446,74,True,False
3447,27,False,True
3448,47,True,False
3449,89,True,False
3450,31,True,False
3451,32,False,False
3452,39,True,False
3453,10,False,True
3454,40,True,False
3455,62,True,False
3456,17,True,False
3457,2,False,True
3458,7,True,False
3459,8,False,False
3460,12,False,False
3461,76,True,False
3462,35,False,True
3463,60,True,False
3464,41,False,True
3465,3,True,False
3466,18,False,False
3467,16,True,False
3468,44,True,False
3469,95,True,False
3470,90,False,True
3471,37,True,False
3472,75,False,False
3473,30,True,False
3474,22,True,False
3475,5,True,False
3476,91,False,False
3477,61,False,True
3478,3,True,False
3479,90,False,True
3480,88,False,False
3481,17,True,False
3482,76,True,False
3483,64,False,False
3484,62,True,False
3485,45,False,False
3486,88,False,False
3487,22,True,False
3488,72,False,False
3489,44,True,False
3490,58,False,False
3491,22,True,False
3492,78,True,False
3493,71,False,True
3494,0,True,False
3495,59,False,False
3496,38,False,False
3497,48,False,True
3498,43,False,False
3499,26,False,True
3500,47,True,False
3501,61,False,True
3502,18,False,False
3503,51,False,True
3504,49,False,True
3505,75,False,False
3506,65,False,False
3507,14,True,False
3508,47,True,False
3509,30,True,False
3510,81,False,True
3511,25,True,False
3512,32,False,False
3513,78,True,False
3514,39,True,False
3515,16,True,False
3516,74,True,False
3517,5,True,False
3518,48,False,True
3519,63,True,False
3520,85,True,False
3521,27,False,True
3522,39,True,False
3523,25,True,False
3524,27,False,True
3525,27,False,True
3526,11,False,False
3527,32,False,False
3528,51,False,True
3529,19,False,True
3530,56,False,True
3531,44,True,False
3532,91,False,False
3533,62,True,False
3534,82,False,True
3535,20,False,False
3536,58,False,False
3537,2,False,True
3538,31,True,False
3539,23,True,False
3540,0,True,False
3541,90,False,True
3542,13,False,True
3543,33,False,True
3544,0,True,False
3545,97,False,False
3546,39,True,False
3547,64,False,False
3548,51,False,True
3549,8,False,False
3550,32,False,False
3551,33,False,True
3552,7,True,False
3553,37,True,False
3554,12,False,False
3555,18,False,False
3556,7,True,False
3557,78,True,False
3558,37,True,False
3559,69,True,False
3560,60,True,False
3561,33,False,True
3562,12,False,False
3563,12,False,False
3564,3,True,False
3565,34,True,False
3566,29,False,True
3567,77,True,False
3568,22,True,False
3569,27,False,True
3570,71,False,True
3571,47,True,False
3572,44,True,False
3573,64,False,False
3574,38,False,False
3575,28,False,True
3576,5,True,False
3577,23,True,False
3578,10,False,True
3579,55,False,False
3580,46,False,True
3581,2,False,True
3582,8,False,False
3583,61,False,True
3584,25,True,False
3585,24,True,False
3586,2,False,True
3587,22,True,False
3588,57,False,True
3589,44,True,False
3590,83,False,True
3591,29,False,True
3592,21,True,False
3593,51,False,True
3594,31,True,False
3595,88,False,False
3596,7,True,False
3597,34,True,False
3598,38,False,False
3599,12,False,False
3600,83,False,True
3601,23,True,False
3602,21,True,False
3603,47,True,False
3604,14,True,False
3605,32,False,False
3606,28,False,True
3607,67,True,False
3608,29,False,True
3609,83,False,True
3610,32,False,False
3611,60,True,False
3612,47,True,False
3613,58,False,False
3614,34,True,False
3615,76,True,False
3616,32,False,False
3617,26,False,True
3618,32,False,False
3619,21,True,False
3620,11,False,False
3621,11,False,False
3622,80,False,False
3623,50,False,False
3624,5,True,False
3625,11,False,False
3626,11,False,False
3627,95,True,False
3628,28,False,True
3629,92,False,True
3630,12,False,False
3631,8,False,False
3632,21,True,False
3633,25,True,False
3634,68,False,True
3635,14,True,False
3636,42,False,False
3637,5,True,False
3638,27,False,True
3639,83,False,True
3640,29,False,True
3641,7,True,False
3642,50,False,False
3643,34,True,False
3644,97,False,False
3645,30,True,False
3646,74,True,False
3647,7,True,False
3648,96,True,False
3649,79,True,False
3650,89,True,False
3651,54,False,True
3652,80,False,False
3653,68,False,True
3654,85,True,False
3655,58,False,False
3656,33,False,True
3657,59,False,False
3658,31,True,False
3659,65,False,False
3660,57,False,True
3661,45,False,False
3662,62,True,False
3663,27,False,True
3664,97,False,False
3665,3,True,False
3666,14,True,False
3667,6,False,False
3668,32,False,False
3669,2,False,True
3670,59,False,False
3671,44,True,False
3672,2,False,True
3673,92,False,True
3674,13,False,True
3675,10,False,True
3676,61,False,True
3677,32,False,False
3678,56,False,True
3679,73,False,True
3680,38,False,False
3681,64,False,False
3682,88,False,False
3683,10,False,True
3684,37,True,False
3685,7,True,False
3686,50,False,False
3687,42,False,False
3688,43,False,False
3689,69,True,False
3690,7,True,False
3691,12,False,False
3692,43,False,False
3693,16,True,False
3694,84,False,False
3695,24,True,False
3696,33,False,True
3697,69,True,False
3698,78,True,False
3699,38,False,False
3700,66,False,False
3701,67,True,False
3702,35,False,True
3703,29,False,True
3704,98,True,False
3705,73,False,True
3706,7,True,False
3707,11,False,False
3708,9,False,True
3709,30,True,False
3710,79,True,False
3711,11,False,False
3712,4,False,True
3713,91,False,False
3714,18,False,False
3715,7,True,False
3716,93,True,False
3717,65,False,False
3718,49,False,True
3719,34,True,False
3720,3,True,False
3721,67,True,False
3722,44,True,False
3723,43,False,False
3724,6,False,False
3725,63,True,False
3726,65,False,False
3727,22,True,False
3728,47,True,False
3729,46,False,True
3730,60,True,False
3731,2,False,True
3732,58,False,False
3733,0,True,False
3734,3,True,False
3735,93,True,False
3736,88,False,False
3737,43,False,False
3738,46,False,True
3739,50,False,False
3740,73,False,True
3741,94,False,False
3742,29,False,True
3743,93,True,False
3744,5,True,False
3745,1,True,False
3746,49,False,True
3747,9,False,True
3748,86,False,False
3749,62,True,False
3750,4,False,True
3751,24,True,False
3752,96,True,False
3753,96,True,False
3754,32,False,False
3755,31,True,False
3756,48,False,True
3757,10,False,True
3758,99,False,False
3759,46,False,True
3760,3,True,False
3761,43,False,False
3762,2,False,True
3763,15,True,False
3764,33,False,True
3765,1,True,False
3766,27,False,True
3767,76,True,False
3768,53,True,False
3769,30,True,False
3770,34,True,False
3771,57,False,True
3772,4,False,True
3773,94,False,False
3774,0,True,False
3775,28,False,True
3776,99,False,False
3777,11,False,False
3778,35,False,True
3779,24,True,False
3780,53,True,False
3781,37,True,False
3782,15,True,False
3783,68,False,True
3784,1,True,False
3785,90,False,True
3786,2,False,True
3787,0,True,False
3788,1,True,False
3789,11,False,False
3790,85,True,False
3791,88,False,False
3792,98,True,False
3793,55,False,False
3794,89,True,False
3795,94,False,False
3796,99,False,False
3797,60,True,False
3798,77,True,False
3799,54,False,True
3800,43,False,False
3801,75,False,False
3802,33,False,True
3803,11,False,False
3804,58,False,False
3805,94,False,False
3806,4,False,True
3807,9,False,True
3808,12,False,False
3809,82,False,True
3810,26,False,True
3811,20,False,False
3812,2,False,True
3813,69,True,False
3814,92,False,True
3815,10,False,True
3816,96,True,False
3817,61,False,True
3818,38,False,False
3819,79,True,False
3820,65,False,False
3821,28,False,True
3822,95,True,False
3823,53,True,False
3824,89,True,False
3825,37,True,False
3826,39,True,False
3827,42,False,False
3828,9,False,True
3829,11,False,False
3830,75,False,False
3831,62,True,False
3832,47,True,False
3833,22,True,False
3834,15,True,False
3835,75,False,False
3836,5,True,False
3837,65,False,False
3838,15,True,False
3839,46,False,True
3840,89,True,False
3841,80,False,False
3842,44,True,False
3843,47,True,False
3844,80,False,False
3845,8,False,False
3846,51,False,True
3847,57,False,True
3848,67,True,False
3849,44,True,False
3850,59,False,False
3851,25,True,False
3852,32,False,False
3853,76,True,False
3854,65,False,False
3855,28,False,True
3856,94,False,False
3857,17,True,False
3858,34,True,False
3859,56,False,True
3860,91,False,False
3861,43,False,False
3862,29,False,True
3863,48,False,True
3864,18,False,False
3865,5,True,False
3866,21,True,False
3867,13,False,True
3868,7,True,False
3869,24,True,False
3870,18,False,False
3871,44,True,False
3872,17,True,False
3873,74,True,False
3874,68,False,True
3875,51,False,True
3876,39,True,False
3877,56,False,True
3878,55,False,False
3879,62,True,False
3880,50,False,False
3881,74,True,False
3882,90,False,True
3883,12,False,False
3884,26,False,True
3885,24,True,False
3886,36,False,False
3887,26,False,True
3888,23,True,False
3889,75,False,False
3890,9,False,True
3891,42,False,False
3892,61,False,True
3893,37,True,False
3894,48,False,True
3895,1,True,False
3896,3,True,False
3897,46,False,True
3898,85,True,False
3899,82,False,True
3900,79,True,False
3901,16,True,False
3902,15,True,False
3903,46,False,True
3904,78,True,False
3905,29,False,True
3906,60,True,False
3907,78,True,False
3908,37,True,False
3909,2,False,True
3910,90,False,True
3911,92,False,True
3912,77,True,False
3913,80,False,False
3914,51,False,True
3915,56,False,True
3916,12,False,False
3917,48,False,True
3918,2,False,True
3919,23,True,False
3920,60,True,False
3921,62,True,False
3922,46,False,True
3923,75,False,False
3924,72,False,False
3925,19,False,True
3926,95,True,False
3927,50,False,False
3928,81,False,True
3929,78,True,False
3930,50,False,False
3931,72,False,False
3932,1,True,False
3933,76,True,False
3934,95,True,False
3935,9,False,True
3936,51,False,True
3937,62,True,False
3938,13,False,True
3939,48,False,True
3940,21,True,False
3941,54,False,True
3942,20,False,False
3943,64,False,False
3944,4,False,True
3945,11,False,False
3946,3,True,False
3947,78,True,False
3948,69,True,False
3949,4,False,True
3950,7,True,False
3951,49,False,True
3952,43,False,False
3953,29,False,True
3954,32,False,False
3955,10,False,True
3956,43,False,False
3957,85,True,False
3958,19,False,True
3959,6,False,False
3960,7,True,False
3961,60,True,False
3962,13,False,True
3963,70,False,True
3964,16,True,False
3965,57,False,True
3966,80,False,False
3967,19,False,True
3968,62,True,False
3969,21,True,False
3970,42,False,False
3971,43,False,False
3972,83,False,True
3973,14,True,False
3974,19,False,True
3975,73,False,True
3976,5,True,False
3977,87,False,False
3978,4,False,True
3979,1,True,False
3980,51,False,True
3981,29,False,True
3982,65,False,False
3983,88,False,False
3984,22,True,False
3985,21,True,False
3986,13,False,True
3987,58,False,False
3988,38,False,False
3989,4,False,True
3990,19,False,True
3991,33,False,True
3992,27,False,True
3993,46,False,True
3994,74,True,False
3995,73,False,True
3996,93,True,False
3997,25,True,False
3998,49,False,True
3999,59,False,False
4000,49,False,True
4001,73,False,True
4002,59,False,False
4003,79,True,False
4004,8,False,False
4005,92,False,True
4006,29,False,True
4007,11,False,False
4008,4,False,True
4009,78,True,False
4010,15,True,False
4011,21,True,False
4012,3,True,False
4013,11,False,False
4014,7,True,False
4015,90,False,True
4016,86,False,False
4017,39,True,False
4018,2,False,True
4019,32,False,False
4020,44,True,False
4021,57,False,True
4022,67,True,False
4023,86,False,False
4024,22,True,False
4025,19,False,True
4026,92,False,True
4027,22,True,False
4028,4,False,True
4029,17,True,False
4030,2,False,True
4031,53,True,False
4032,71,False,True
4033,6,False,False
4034,44,True,False
4035,48,False,True
4036,91,False,False
4037,99,False,False
4038,40,True,False
4039,47,True,False
4040,47,True,False
4041,15,True,False
4042,15,True,False
4043,7,True,False
4044,71,False,True
4045,53,True,False
4046,76,True,False
4047,6,False,False
4048,96,True,False
4049,5,True,False
4050,84,False,False
4051,91,False,False
4052,82,False,True
4053,85,True,False
4054,53,True,False
4055,39,True,False
4056,47,True,False
4057,8,False,False
4058,45,False,False
4059,83,False,True
4060,44,True,False
4061,52,True,False
4062,79,True,False
4063,39,True,False
4064,19,False,True
4065,60,True,False
4066,14,True,False
4067,43,False,False
4068,0,True,False
4069,39,True,False
4070,76,True,False
4071,70,False,True
4072,65,False,False
4073,43,False,False
4074,85,True,False
4075,11,False,False
4076,60,True,False
4077,69,True,False
4078,69,True,False
4079,56,False,True
4080,45,False,False
4081,6,False,False
4082,23,True,False
4083,43,False,False
4084,0,True,False
4085,29,False,True
4086,31,True,False
4087,39,True,False
4088,72,False,False
4089,33,False,True
4090,44,True,False
4091,89,True,False
4092,1,True,False
4093,58,False,False
4094,50,False,False
4095,99,False,False
4096,65,False,False
4097,2,False,True
4098,32,False,False
4099,84,False,False
4100,41,False,True
4101,14,True,False
4102,56,False,True
4103,88,False,False
4104,62,True,False
4105,23,True,False
4106,38,False,False
4107,9,False,True
4108,18,False,False
4109,0,True,False
4110,31,True,False
4111,81,False,True
4112,64,False,False
4113,41,False,True
4114,5,True,False
4115,12,False,False
4116,76,True,False
4117,91,False,False
4118,51,False,True
4119,95,True,False
4120,59,False,False
4121,50,False,False
4122,78,True,False
4123,2,False,True
4124,39,True,False
4125,62,True,False
4126,81,False,True
4127,70,False,True
4128,73,False,True
4129,43,False,False
4130,12,False,False
4131,73,False,True
4132,52,True,False
4133,28,False,True
4134,62,True,False
4135,42,False,False
4136,21,True,False
4137,33,False,True
4138,45,False,False
4139,86,False,False
4140,12,False,False
4141,53,True,False
4142,39,True,False
4143,12,False,False
4144,5,True,False
4145,22,True,False
4146,57,False,True
4147,34,True,False
4148,65,False,False
4149,61,False,True
4150,86,False,False
4151,50,False,False
4152,45,False,False
4153,12,False,False
4154,10,False,True
4155,12,False,False
4156,64,False,False
4157,1,True,False
4158,60,True,False
4159,79,True,False
4160,43,False,False
4161,11,False,False
4162,7,True,False
4163,15,True,False
4164,76,True,False
4165,29,False,True
4166,37,True,False
4167,58,False,False
4168,32,False,False
4169,50,False,False
4170,66,False,False
4171,56,False,True
4172,5,True,False
4173,27,False,True
4174,12,False,False
4175,95,True,False
4176,84,False,False
4177,41,False,True
4178,11,False,False
4179,43,False,False
4180,16,True,False
4181,99,False,False
4182,81,False,True
4183,32,False,False
4184,36,False,False
4185,50,False,False
4186,3,True,False
4187,79,True,False
4188,47,True,False
4189,12,False,False
4190,24,True,False
4191,79,True,False
4192,43,False,False
4193,97,False,False
4194,13,False,True
4195,12,False,False
4196,65,False,False
4197,2,False,True
4198,40,True,False
4199,2,False,True
4200,74,True,False
4201,1,True,False
4202,28,False,True
4203,19,False,True
4204,51,False,True
4205,32,False,False
4206,33,False,True
4207,51,False,True
4208,10,False,True
4209,6,False,False
4210,14,True,False
4211,90,False,True
4212,78,True,False
4213,48,False,True
4214,65,False,False
4215,99,False,False
4216,33,False,True
4217,15,True,False
4218,88,False,False
4219,17,True,False
4220,79,True,False
4221,3,True,False
4222,6,False,False
4223,49,False,True
4224,27,False,True
4225,79,True,False
4226,34,True,False
4227,38,False,False
4228,48,False,True
4229,38,False,False
4230,36,False,False
4231,31,True,False
4232,52,True,False
4233,31,True,False
4234,36,False,False
4235,70,False,True
4236,17,True,False
4237,26,False,True
4238,56,False,True
4239,6,False,False
4240,66,False,False
4241,44,True,False
4242,47,True,False
4243,24,True,False
4244,76,True,False
4245,60,True,False
4246,65,False,False
4247,13,False,True
4248,58,False,False
4249,62,True,False
4250,80,False,False
4251,61,False,True
4252,66,False,False
4253,97,False,False
4254,44,True,False
4255,46,False,True
4256,84,False,False
4257,52,True,False
4258,70,False,True
4259,42,False,False
4260,65,False,False
4261,78,True,False
4262,65,False,False
4263,20,False,False
4264,1,True,False
4265,72,False,False
4266,31,True,False
4267,8,False,False
4268,16,True,False
4269,4,False,True
4270,15,True,False
4271,16,True,False
4272,40,True,False
4273,10,False,True
4274,55,False,False
4275,62,True,False
4276,36,False,False
4277,24,True,False
4278,47,True,False
4279,35,False,True
4280,97,False,False
4281,21,True,False
4282,11,False,False
4283,89,True,False
4284,29,False,True
4285,68,False,True
4286,78,True,False
4287,70,False,True
4288,50,False,False
4289,37,True,False
4290,28,False,True
4291,14,True,False
4292,54,False,True
4293,56,False,True
4294,60,True,False
4295,6,False,False
4296,14,True,False
4297,39,True,False
4298,14,True,False
4299,71,False,True
4300,10,False,True
4301,82,False,True
4302,51,False,True
4303,29,False,True
4304,65,False,False
4305,60,True,False
4306,48,False,True
4307,91,False,False
4308,4,False,True
4309,77,True,False
4310,60,True,False
4311,42,False,False
4312,76,True,False
4313,6,False,False
4314,2,False,True
4315,62,True,False
4316,32,False,False
4317,29,False,True
4318,91,False,False
4319,6,False,False
4320,6,False,False
4321,52,True,False
4322,99,False,False
4323,86,False,False
4324,10,False,True
4325,7,True,False
4326,2,False,True
4327,54,False,True
4328,3,True,False
4329,72,False,False
4330,75,False,False
4331,74,True,False
4332,52,True,False
4333,6,False,False
4334,5,True,False
4335,64,False,False
4336,40,True,False
4337,19,False,True
4338,23,True,False
4339,12,False,False
4340,83,False,True
4341,19,False,True
4342,99,False,False
4343,42,False,False
4344,96,True,False
4345,72,False,False
4346,45,False,False
4347,36,False,False
4348,64,False,False
4349,26,False,True
4350,62,True,False
4351,22,True,False
4352,77,True,False
4353,80,False,False
4354,70,False,True
4355,76,True,False
4356,55,False,False
4357,9,False,True
4358,57,False,True
4359,45,False,False
4360,87,False,False
4361,27,False,True
4362,58,False,False
4363,33,False,True
4364,87,False,False
4365,53,True,False
4366,28,False,True
4367,16,True,False
4368,50,False,False
4369,80,False,False
4370,88,False,False
4371,9,False,True
4372,32,False,False
4373,15,True,False
4374,29,False,True
4375,89,True,False
4376,57,False,True
4377,82,False,True
4378,50,False,False
4379,48,False,True
4380,2,False,True
4381,63,True,False
4382,66,False,False
4383,69,True,False
4384,39,True,False
4385,20,False,False
4386,10,False,True
4387,73,False,True
4388,36,False,False
4389,27,False,True
4390,65,False,False
4391,68,False,True
4392,80,False,False
4393,33,False,True
4394,10,False,True
4395,49,False,True
4396,14,True,False
4397,39,True,False
4398,62,True,False
4399,60,True,False
4400,46,False,True
4401,2,False,True
4402,18,False,False
4403,69,True,False
4404,56,False,True
4405,38,False,False
4406,67,True,False
4407,82,False,True
4408,45,False,False
4409,45,False,False
4410,37,True,False
4411,91,False,False
4412,61,False,True
4413,93,True,False
4414,97,False,False
4415,59,False,False
4416,14,True,False
4417,11,False,False
4418,38,False,False
4419,15,True,False
4420,76,True,False
4421,19,False,True
4422,20,False,False
4423,46,False,True
4424,15,True,False
4425,47,True,False
4426,34,True,False
4427,23,True,False
4428,39,True,False
4429,75,False,False
4430,97,False,False
4431,52,True,False
4432,9,False,True
4433,81,False,True
4434,84,False,False
4435,39,True,False
4436,95,True,False
4437,50,False,False
4438,17,True,False
4439,18,False,False
4440,9,False,True
4441,1,True,False
4442,94,False,False
4443,43,False,False
4444,92,False,True
4445,10,False,True
4446,91,False,False
4447,54,False,True
4448,90,False,True
4449,11,False,False
4450,40,True,False
4451,15,True,False
4452,65,False,False
4453,45,False,False
4454,16,True,False
4455,54,False,True
4456,67,True,False
4457,45,False,False
4458,35,False,True
4459,65,False,False
4460,11,False,False
4461,33,False,True
4462,78,True,False
4463,6,False,False
4464,67,True,False
4465,45,False,False
4466,43,False,False
4467,2,False,True
4468,4,False,True
4469,31,True,False
4470,4,False,True
4471,22,True,False
4472,90,False,True
4473,44,True,False
4474,33,False,True
4475,52,True,False
4476,2,False,True
4477,79,True,False
4478,23,True,False
4479,70,False,True
4480,36,False,False
4481,79,True,False
4482,60,True,False
4483,77,True,False
4484,13,False,True
4485,85,True,False
4486,63,True,False
4487,1,True,False
4488,67,True,False
4489,49,False,True
4490,43,False,False
4491,78,True,False
4492,3,True,False
4493,28,False,True
4494,91,False,False
4495,49,False,True
4496,67,True,False
4497,60,True,False
4498,7,True,False
4499,60,True,False
4500,94,False,False
4501,63,True,False
4502,8,False,False
4503,29,False,True
4504,33,False,True
4505,9,False,True
4506,61,False,True
4507,0,True,False
4508,57,False,True
4509,11,False,False
4510,52,True,False
4511,78,True,False
4512,45,False,False
4513,54,False,True
4514,8,False,False
4515,29,False,True
4516,36,False,False
4517,50,False,False
4518,59,False,False
4519,45,False,False
4520,91,False,False
4521,57,False,True
4522,15,True,False
4523,14,True,False
4524,13,False,True
4525,6,False,False
4526,51,False,True
4527,11,False,False
4528,51,False,True
4529,78,True,False
4530,99,False,False
4531,44,True,False
4532,68,False,True
4533,53,True,False
4534,63,True,False
4535,60,True,False
4536,69,True,False
4537,57,False,True
4538,2,False,True
4539,68,False,True
4540,58,False,False
4541,29,False,True
4542,31,True,False
4543,80,False,False
4544,58,False,False
4545,41,False,True
4546,10,False,True
4547,39,True,False
4548,97,False,False
4549,10,False,True
4550,3,True,False
4551,90,False,True
4552,34,True,False
4553,45,False,False
4554,58,False,False
4555,48,False,True
4556,2,False,True
4557,74,True,False
4558,26,False,True
4559,0,True,False
4560,63,True,False
4561,21,True,False
4562,70,False,True
4563,71,False,True
4564,24,True,False
4565,65,False,False
4566,5,True,False
4567,60,True,False
4568,59,False,False
4569,76,True,False
4570,79,True,False
4571,29,False,True
4572,62,True,False
4573,8,False,False
4574,76,True,False
4575,12,False,False
4576,74,True,False
4577,13,False,True
4578,57,False,True
4579,45,False,False
4580,61,False,True
4581,44,True,False
4582,58,False,False
4583,89,True,False
4584,8,False,False
4585,15,True,False
4586,93,True,False
4587,84,False,False
4588,44,True,False
4589,64,False,False
4590,91,False,False
4591,48,False,True
4592,28,False,True
4593,92,False,True
4594,5,True,False
4595,97,False,False
4596,80,False,False
4597,55,False,False
4598,71,False,True
4599,36,False,False
4600,75,False,False
4601,28,False,True
4602,56,False,True
4603,26,False,True
4604,25,True,False
4605,78,True,False
4606,0,True,False
4607,75,False,False
4608,87,False,False
4609,63,True,False
4610,27,False,True
4611,71,False,True
4612,10,False,True
4613,81,False,True
4614,74,True,False
4615,63,True,False
4616,40,True,False
4617,73,False,True
4618,56,False,True
4619,56,False,True
4620,45,False,False
4621,83,False,True
4622,78,True,False
4623,12,False,False
4624,79,True,False
4625,21,True,False
4626,54,False,True
4627,39,True,False
4628,88,False,False
4629,70,False,True
4630,37,True,False
4631,96,True,False
4632,96,True,False
4633,86,False,False
4634,90,False,True
4635,5,True,False
4636,26,False,True
4637,97,False,False
4638,37,True,False
4639,3,True,False
4640,28,False,True
4641,56,False,True
4642,22,True,False
4643,49,False,True
4644,35,False,True
4645,42,False,False
4646,86,False,False
4647,13,False,True
4648,8,False,False
4649,99,False,False
4650,32,False,False
4651,79,True,False
4652,17,True,False
4653,13,False,True
4654,5,True,False
4655,67,True,False
4656,70,False,True
4657,92,False,True
4658,26,False,True
4659,45,False,False
4660,58,False,False
4661,27,False,True
4662,5,True,False
4663,21,True,False
4664,49,False,True
4665,76,True,False
4666,8,False,False
4667,90,False,True
4668,11,False,False
4669,86,False,False
4670,5,True,False
4671,57,False,True
4672,6,False,False
4673,32,False,False
4674,24,True,False
4675,15,True,False
4676,91,False,False
4677,1,True,False
4678,45,False,False
4679,6,False,False
4680,13,False,True
4681,81,False,True
4682,79,True,False
4683,43,False,False
4684,64,False,False
4685,26,False,True
4686,9,False,True
4687,61,False,True
4688,9,False,True
4689,46,False,True
4690,64,False,False
4691,12,False,False
4692,31,True,False
4693,16,True,False
4694,2,False,True
4695,79,True,False
4696,69,True,False
4697,18,False,False
4698,64,False,False
4699,77,True,False
4700,21,True,False
4701,46,False,True
4702,43,False,False
4703,53,True,False
4704,5,True,False
4705,46,False,True
4706,43,False,False
4707,29,False,True
4708,79,True,False
4709,92,False,True
4710,60,True,False
4711,43,False,False
4712,10,False,True
4713,3,True,False
4714,33,False,True
4715,71,False,True
4716,50,False,False
4717,2,False,True
4718,78,True,False
4719,31,True,False
4720,12,False,False
4721,48,False,True
4722,17,True,False
4723,65,False,False
4724,42,False,False
4725,37,True,False
4726,26,False,True
4727,39,True,False
4728,3,True,False
4729,72,False,False
4730,61,False,True
4731,70,False,True
4732,26,False,True
4733,53,True,False
4734,73,False,True
4735,90,False,True
4736,80,False,False
4737,74,True,False
4738,17,True,False
4739,76,True,False
4740,1,True,False
4741,31,True,False
4742,11,False,False
4743,37,True,False
4744,60,True,False
4745,38,False,False
4746,44,True,False
4747,15,True,False
4748,93,True,False
4749,57,False,True
4750,92,False,True
4751,35,False,True
4752,26,False,True
4753,52,True,False
4754,80,False,False
4755,15,True,False
4756,96,True,False
4757,42,False,False
4758,30,True,False
4759,77,True,False
4760,67,True,False
4761,76,True,False
4762,0,True,False
4763,90,False,True
4764,15,True,False
4765,35,False,True
4766,18,False,False
4767,94,False,False
4768,99,False,False
4769,79,True,False
4770,29,False,True
4771,82,False,True
4772,29,False,True
4773,53,True,False
4774,73,False,True
4775,4,False,True
4776,48,False,True
4777,84,False,False
4778,84,False,False
4779,53,True,False
4780,54,False,True
4781,62,True,False
4782,35,False,True
4783,84,False,False
4784,19,False,True
4785,13,False,True
4786,37,True,False
4787,45,False,False
4788,63,True,False
4789,9,False,True
4790,44,True,False
4791,9,False,True
4792,50,False,False
4793,34,True,False
4794,52,True,False
4795,7,True,False
4796,47,True,False
4797,92,False,True
4798,28,False,True
4799,70,False,True
4800,10,False,True
4801,68,False,True
4802,21,True,False
4803,10,False,True
4804,62,True,False
4805,93,True,False
4806,30,True,False
4807,81,False,True
4808,35,False,True
4809,26,False,True
4810,38,False,False
4811,17,True,False
4812,2,False,True
4813,53,True,False
4814,9,False,True
4815,56,False,True
4816,54,False,True
4817,71,False,True
4818,24,True,False
4819,89,True,False
4820,41,False,True
4821,20,False,False
4822,50,False,False
4823,96,True,False
4824,60,True,False
4825,41,False,True
4826,29,False,True
4827,43,False,False
4828,0,True,False
4829,28,False,True
4830,19,False,True
4831,11,False,False
4832,95,True,False
4833,56,False,True
4834,29,False,True
4835,21,True,False
4836,69,True,False
4837,2,False,True
4838,19,False,True
4839,5,True,False
4840,13,False,True
4841,75,False,False
4842,65,False,False
4843,45,False,False
4844,8,False,False
4845,23,True,False
4846,90,False,True
4847,50,False,False
4848,59,False,False
4849,38,False,False
4850,5,True,False
4851,32,False,False
4852,8,False,False
4853,57,False,True
4854,32,False,False
4855,85,True,False
4856,14,True,False
4857,13,False,True
4858,42,False,False
4859,15,True,False
4860,6,False,False
4861,55,False,False
4862,35,False,True
4863,96,True,False
4864,86,False,False
4865,11,False,False
4866,92,False,True
4867,61,False,True
4868,82,False,True
4869,58,False,False
4870,22,True,False
4871,50,False,False
4872,32,False,False
4873,7,True,False
4874,85,True,False
4875,43,False,False
4876,67,True,False
4877,50,False,False
4878,54,False,True
4879,87,False,False
4880,55,False,False
4881,0,True,False
4882,90,False,True
4883,11,False,False
4884,55,False,False
4885,71,False,True
4886,48,False,True
4887,32,False,False
4888,29,False,True
4889,79,True,False
4890,63,True,False
4891,91,False,False
4892,18,False,False
4893,61,False,True
4894,48,False,True
4895,88,False,False
4896,95,True,False
4897,97,False,False
4898,42,False,False
4899,81,False,True
4900,21,True,False
4901,27,False,True
4902,20,False,False
4903,20,False,False
4904,33,False,True
4905,58,False,False
4906,32,False,False
4907,6,False,False
4908,90,False,True
4909,28,False,True
4910,65,False,False
4911,80,False,False
4912,6,False,False
4913,98,True,False
4914,99,False,False
4915,26,False,True
4916,67,True,False
4917,78,True,False
4918,40,True,False
4919,43,False,False
4920,37,True,False
4921,34,True,False
4922,17,True,False
4923,78,True,False
4924,63,True,False
4925,66,False,False
4926,2,False,True
4927,27,False,True
4928,53,True,False
4929,67,True,False
4930,75,False,False
4931,7,True,False
4932,3,True,False
4933,5,True,False
4934,38,False,False
4935,56,False,True
4936,27,False,True
4937,86,False,False
4938,15,True,False
4939,74,True,False
4940,18,False,False
4941,48,False,True
4942,31,True,False
4943,46,False,True
4944,46,False,True
4945,75,False,False
4946,57,False,True
4947,44,True,False
4948,28,False,True
4949,57,False,True
4950,83,False,True
4951,4,False,True
4952,27,False,True
4953,50,False,False
4954,97,False,False
4955,36,False,False
4956,67,True,False
4957,15,True,False
4958,15,True,False
4959,47,True,False
4960,13,False,True
4961,47,True,False
4962,28,False,True
4963,75,False,False
4964,12,False,False
4965,44,True,False
4966,21,True,False
4967,12,False,False
4968,39,True,False
4969,24,True,False
4970,93,True,False
4971,58,False,False
4972,50,False,False
4973,24,True,False
4974,1,True,False
4975,44,True,False
4976,72,False,False
4977,58,False,False
4978,39,True,False
4979,82,False,True
4980,99,False,False
4981,21,True,False
4982,85,True,False
4983,34,True,False
4984,61,False,True
4985,40,True,False
4986,31,True,False
4987,68,False,True
4988,44,True,False
4989,42,False,False
4990,31,True,False
4991,47,True,False
4992,53,True,False
4993,71,False,True
4994,25,True,False
4995,21,True,False
4996,59,False,False
4997,79,True,False
4998,66,False,False
4999,35,False,True
